ni,aplikasi,ngeblokir,akses,masuk,gapernah,salah,password,masuk,nyuruh,rutin,ganti,password,fair,olah,salah,password,blokir,suruh,ganti,password,kali,blokir,paksa,suruh,ganti,password,gobl
aplikasi,eror,pas,log,in,log,out,buka,menu,kadang,no,rek,orang,daftar,riwayat,parah,kelas,bumn,layan,gin
buruk,banget,pake,token,ribet
sukses,baru,pasword,pas,login,gak,trus,pasword,id,user,terbelokir,kali,login
heran,deh,suka,blokir,udh,bener,masuk,udh,langsung,blokir,gak,udh
lot,bikin,emosi,aja,simple,aja,eror,mulu
tampil,fresh,versi,aplikasi,user,id,blokir
download,maret,teller,info,ios,des,teller,kait,brimo,ios,masuk,aplikasi,login,sms,verifikasi,tingkat,performa,aplikasi,terima,kasih
parah,woy,aplikasi,user,id,blokir,mulu,males,banget,inget,inget,password,mulu,gajelas,aplikasi
ios,muncul,ingat,koneksi,putus
pulang,urus,id,blokir,input,id,passnya,login,payah,appnya,bsok,bank,deh,yg,kali
gabisa,login,udah,coba,kali,kali,tetep,gabisa
tambahin,fitur,cek,saldo,brizzi,guna,iphone,yg,nfc,cek,saldo,brizzi,bank,fitur,cek,saldo,e,money,kartu,mohon,update,terimakasih
sayang,update,akun,blokir,update,eror,login
daftar,pas,isi,password
log,in,yah,kali,coba,terang,koneksi,putus,buka,aplikasi
buffering,koneksi,bagus,baik,transfer
logis,brimo,tulis,koneksi,putus,sinyal,aja,pass,nama
gabisa,login
aplikasi,sampah,mo,login,aja,gabisa,koneksi,putus,jgn,deh,dibenerin,dah,dr,taun,ky,gin,kl,ga,paksa,jg,ogah,pake,ni,bank
susah,log,in,pake,jenis,koneski,applikasi,banking,bank,cepat,mohon,baik,min
login,koneksi,putus,koneksi,putus,id,blokir,anggap,passwordnya,salah,harap,baik
aplikasi,busuk
gimana,sih,gabisa,login,tulis,salah,password,sampe,blokir
bgt,transaksi,koneksi,putus,yg,bri,mobile,jadul,backup,jan,salahin,internetku,internetku,aja,yg,dr,server,sono
udah,compatible,ios,tetep,aja,ngebugs
aplikasi,bangsuaaaat,transer,server,error,bajinguaaaan,aplikasi,buangsuaaaaaat,aplikasi,tuaaaaaiiiiiii,cari,mtoken,aja,susah,buajingan,admin,asuuuuu
daftar,force,closed,baik,device,iphone
update,baru,sms,verifikasi,yg,masuk,login,ulang,login,dri,kmaren,sdah,sya,coba,ip
parah,susah,banget,log,in
suka,putus,trus,error,pke,sinyal,plat,merah,aplikasi,lancar,brimo,please,fix,this
kadang,koneksi,putus,cek,transaksi,sering,ulang,karna,koneksi,putus,password,login,password,transaksi,bedain,password,transaksi,pake,angka,digit,aja,mudah
baik,maksimal,ga,error,error
minggu,blokir,reset,lgi,blokir,lgi,pin,g,kliru,enak,pakai,bca,mobile,cepat,g,atur,tp,tetep,aman
transaksi,cepat,kadang,suka,logout,jd,lg,akun,nya
payah,nyediain,aplikasi,gak,gunain,ama,cust,baik,nyediain,aplikasi,gak,gin
login,daftar,tulis,koneksi,putus,cocok
asik,pake,brimo
ganti,bca,aja,bri
cepat,singkat
daftar,masuk,sandi,langsung
mudah,sih,app,suka,crash,muncul,pesan,error,gak,bank,biru,kerja,was,wus,was,wus,cepet,banget,ayo,bumn,kalah,swasta
force,close,pas,isi,password
daftar,ih,appnya
gimana,sih,aplikasi,login,masuk,gak,mbanking,bank,lancar
koneksi,putus
isi,password
daftar,pemberitahuan,no,connection,buka,app,bri,credit,card,app
payah,banget,njing,login,susah,udah,masuk,force,close,tolol
kali,kali,bri,tarik,tunai,salah,mesin,atm,aplikasi,brimo,uang,saldo,debet
daftar,kode,utp,terima
terimakasih,bri,m,banking,mudah,transaksi,cepat,nyaman
crash,menu,buat,password,utk,user,mohon,cek
good,aplication
akun,blokir,reset,pasword,login,pakai,pasw,blokir,susah,user,nih
susah,pake,aplikasi,brimo,error,abis,masukin,kode,password,error,rugi,sy,transaksi,error,transfer,saldo,sy,kurang,tp,gak,ad,terang,trnsfer,nya,tulis,nya,error,baik
akun,baik
error,mulu,transaksi,mohon,baik
baik,sistem,login,logout,bom,transaksi,uda,logout,gin,baik
iphone,x,langsung,top,up,brizzi,iphone,x,support,nfc
aplikaai,batu,kurang,snediri
alami,kendala,koneksi,update,ios,mohon,baik,terima,kasih
updete,eror
coba,jaring,putus,wifi,ngebut,hp,xs,max,for,close,ios
udah,minggu,gak,log,in,password,udah,bener,udah,ganti,password,aja,gak,masuk,baik,sistem
timeout,terang,user,pakai,pakai,web,lancar
notif,salah,sistem,akun,blokir,mohon,tinjau,biar,repot,orang,bolak,cs
bikin,password,aja,ni,app
registrasi,force,close,app,nya
maaf,kode,verivikasi,kunjung,masuk,hp,sy
tried,so,many,times,to,open,account,and,always,end,up,on,creating,passwords,page,it,quitted,unexpectedly,and,i,have,to,repeat,the,process,all,over,again,and,stuck,on,the,same,page
transfer,gagal,aplikasi,maksimal
kali,paksa,ganti,password,gara,gara,blokir,password,masuk,pakai,face,id,masalah,mobile,banking
kode,otp,gak,kirim
finally,gak,pelu,nomor,token
aplikasi,force,close
kemaren,login,tinggal,nunggu,kode,nya,kirim,nomor,hp,gak,masuk,masuk
login,trus,suruh,nulis,email,situ,tulis,kirim,kode,verifikasi,tunggu,kode,nya,jg
maaf,ko,saldo,ajah,yah,pas,bikin,atmnya,udah,isi,yahh
hari,ga,login,login,akun,langsung,blokir,user,password,salah,jawab,reset,password,aja,masak,kali,pakai,reset,password
baik
puas,banget
woow,hebat,blokir,reset,password,langsung,isi,pulsa,terima,sms,token,ga,tau,sms,token,gagal,kirim,pulsa,sms,kuras,mantaaap,bri,lanjooootkann
kode,verif,gak,dah
tai,burikkk
sering,koneksi,putus,akun,buka,blokir,udah,blokir,kudu,kantor,buka,blokir
muas,login,koneksi,putus,pakai,wifi,pakai,kartu,paket,telkomsel,yg,isi,koneksi,buka,youtube,mbaking,bni,mbaking,bca,baik,la,sistem
buka,ios
putus
aplikasi,bangke,kalo,transaksi,koneksi,putus,maluin,nama,bri,aplikasi,bikin,kesel,gak,mutu,baik
udah,semenjak,update,ios,nge,bugs,gak,team,support,it,bri,transaksi,susah,banget,aplikasi,bank,fine,aja,update,hai,brimo
bug,nya,parah,cek,saldo,tf,ga,mulu,koneksi,putus,koneksi,internet,lancar
udah,lambat,aplikasi,brimo,koneksi,putus,jaring,nya,bagus,buka,youtube,aman,aman,mohon,baik
dibenerin,server,nya,gabisa,login,mulu,minggu,sih,aplikasi,dibenerin,lg,mas,mba
jelek,banget,aplikasi,lemoooot,pol
jaring,baik,ios,lalot,bet,dah,dah,dah
server,banget,error,ganggu,aja,sinyal
transaksi,lost,koneksi,bar,sinyal,hp,penuh,udh,nyoba,jg,lost,koneksi
susah,login,bos
tanggal,november,ulas,tulis,tanggan,november,seringkali,aplikask,brimo,koneksi,putus,jujur,kecewa
ko,ku,kode,verifikasi,nya,ga,masuk,app,nya,ga
daftar,brimo,transaksi,gagal,kode,sicx,mohon,info
login,link,brimo,kirim,no,handphone,sampe,ga,kirim,kirim,payah
update,app,brimo,gag,login,link,aktifasi,kirim,nomor,gag,ad,sms,dr,bri,nya,nomor,udah,fix,secepatknya
log,in,abis,update,stuck,cek,inbox,ndak,masuk,baik
aplikasi,abis,update,login,suruh,masukin,kode,kode,gak,kirim,gimana,sih
apdet,baru,login,gak,nomor,registrasi,nunggu,notif,sms,otp,utk,login,menit,kirim,kirim,ulang,teruuusss,ampe,widodo,redmi,tobat,widodo,aipon
skarang,sulit,skali,top,up,saldo,shopee,gak,briva,arah,dompet,digital,gak,aplikasi,bingung,mending,versi,aja
terang,user,login,device,laah,login,perangkat,yg,yg,buka,knpa,tau,user,pin,cerah,nya
please,support,ios,depan
update,baru,sms,link,dr,brimo,d,nomor,yg,daftar,mohon,baik
updatean,baru,aplikasi,stabil,user,interface,aplikasi,brimo,aplikasi,mobile,banking,baik,mantap,brimo
ios,login,terima,sms,link,udah,coba,kali,kali,tetep,nihil
update,login,dpt,sms,buka,linknya
plisss,update,was,actually,an,improvement,gabisa,login
keren,updatean,baru,aplikasi,mudah,tambah,firur,ringkas,nice
update,brimo,sms,link,login,ulang,tp,sms,masuk,versi,sblmnya
tibatiba,update,gabisa,masuk,login,akun
nunggu,sms,link,login,ga,coba
login,suruh,nunggu,sms,smsnya,gak,gimana
tunggu,link,nomer,hp,banget,gak,transaksi,atm
link,login,kirim,update,baru
hi,developer,update,app,brimo,mw,login,app,suruh,klik,link,yg,kirim,sms,link,tsb,klik,mw,transaksi,yg,kendala,tsb,mohon,baik
ganggu,sih,transaksi,belanja,mohon,kaji,ulas,baik,system,yg,milik,mohon,yg,keluh,koneksi,putus,habis,review,nasabah,yg,tular,terimakasih,bri
maaf,device,jailbreak,ngalamin,gimana,atas
update,baru,login,akun,brimo,notifikasi,sms,link,login,terima,masuk
yg,baik,suka,kaya,sanggup,sistem,mobile,banking
pas,log,in,link,kirim,nomor,ribett,banget,abis,baru,aplikasi
nomor,hp,internet,banking,aktif,tp,link,loginnya,ga,masukmasuk,sms,nya,no,hp
link,login,kirim,inbox,sms,coba,ulang,kali,install,ulang,apps,sampe,on,off,sinyal,mohon,update,applikasinya,baik,bugnya
gak,login,kirim,link,sms,gak,muncul,udah
ngga,dapet,sms,login,akun,bri,mobile
update,susah,login,link,login,masuk,inbox,sms
update,aplikasi,brimo,nya,ga,login,link,login,kirim,no,hp,cek,inbox,ga,inbox,masuk,gimana,telp,call,center,suruh,tunggu,jam,butuh
halo,admin,transaksi,upgrade,aplikasi,terang,cek,inbox,kirim,link,sms,ga,smsnya,baik,min,menggangu,transaksi,terima,kasih
sms,login,brimo,app
g,gunainn,gimna
kemarin,update,versi,stelah,login,nunggu,otpnya,ga,smpe,coba,sms,otp,mohon,bntuannya
link,kirim,nomor,hp,tp,sampe,skrg,terima,link,nomor,hp,udh,bener
versi,login,app,ny,sms,ribet,sms,suka,masuk,mudah,versi,biometric,d,kembali
knp,bs,log,in,pdhal,sblm,ny,g,ad,msukin,user,pass,klik,link,yg,kirim,sms,tp,link,nya,g,bs,buka
update,brimo,v,buka,aplikasi,tulis,device,jailbreak,hp,jailbreak,btw,ios,mohon,cek,proses,terimakasih
habis,update,ngga,login,nunggu,sms,smsnya,ngga,yg,masuk
opsi,gopay,nya,hilang,tmpatnya,klo,rubah,tata,letak
link,login,sms,kirim,useless,ga,login
bingung,login,susah,putus,koneksi,pesan,error
baik
gk,dpt,sms,sih,udh,coba,kali,tp,gk,masuk,masuk,sms,vrifikasi,login,nya
min,link,kirim,smsnya,gak
kali,liat,liat,kemaren,aplikasi,force,closed,kode,otp,ndak,masuk,masuk,masuk,udah,expired,tolong,bank,prokespun,tahapa,bank,tu,aja,tumpuk,orang
login,cek,inbox,tp,gada,masuk,sms,apa,mohon,baik,segeraaa
udah,login,brimo,kode,sms,kode,masuk,nomor
update,bikin,susah,login,ga,suruh,check,sms,sampe,menit,puluh,kali,ga,smsnya,gimana
cs,bri,kecewa,karna,new,brimo,beta,rilis,sempurna,sesal,update,yg,brimo,tampil,sdh,yg,beta,yg,sempurna,diluncurin,menu,pilih,rekening,utama,bom,saldo,britama,x,e,series,minimum,transfer,bisa,ib,bri,co,id,kalo,brimo,saldo,gak,terang,sempurna,nasabah,komplain,nih,update,kredibilitas,bri
diupdate,udah,kali,kali,cobak,tetep,aja,gak,sms,masuk,link,login,brimo,gak,login
isi,pulsa,gan,klo,dpat,link
aja,update,karna,dpet,sms,dri,brimo,suruh,update,eh,pas,login,dsruh,nunggu,sms,login,tpi,gak,masuk,smsnya,gmna,tuh,min
aplikasi,yg,ngebug,hp,yg,ngebug,aplikasi,gmail,yg,ngebug,link,konfirmasi,email,kali,kali,klik,tombol,kirim,ulang,terima,kasih
gak,masuk,upgrade,aplikasi
iphone,buka,aplikasi,brimo,tulis,device,jailbreak,gk,jailbrek,sblumnya
gak,pakai,briva,bayar,homecredit
pakai,aplikasi,sempet,darah,karna,time,out,aplikasi,udah,baru,fitur,catat,uang,manfaat,yg,catat,uang,buku,simple,tinggal,buka,aplikasi,brimo,aja,tampil,bri,mo,udah,better,eye,catching,ketimbang,keep,it,going
tulis,daftar,mobile,banking,bank,pas,coba,error,hubung,cs,daftar,aplikasi,bank
gak,login,gak,otp,sms,masuk
gk,login,hbis,baru,jdi,hrus,msuk,link,tp,gk
update,yg,baru,ubah,yg,aplikasi,gampang,akses,praktis,top,up,catat,uang,gak,lag
update,pas,login,gak,suruh,nunggu,sms,konfirmasi,smsnya,gak
good,update
update,masuk,login,pake,kode,link,sms,pdhl,nomerku,yg,daftar,brimo,hilang,sekarg,gak,login,karna,gak,terima,sms,linknya,payah
app,nya,ga,login,terus,suruh,masuk,link,yg,kirim,nomer,hp,udh,klik,linknya,gak,buka,due,to,error,trus,terus,sperti,ga,login,baik,masalah,terimakasih
dana,transfer,masuk,bank,tuju,dana,gantung,jam
salah,password,gak,udh,makek,pinger,print,aja,kblokir
login,masalah,blokir,sendri
tanggal,dapt,sms,bri,info,upgrade,brimo,langsung,upgrade,upgrade,login,aja,susah,banget,nunggu,link,kirim,no,hp,ulang,kalo,muat,ulang,ga,sms,masuk,kirim,link,tera,pop,up,masuk,username,pssword,kecewa,sih,butuh,banget
terimakasih,update,baru,tampilannnya,keren,fiturnya,pin,aman,transaksi,nya,cepat,canggih,sukses,bri,mobile,aplikasi,nya,easy,guna
dah,minggu,gak,bs,login,kecewa,berat
buk,gak,isi,gopay,brimo,trus,jga,pas,transfer,in,pin,angka,nya,doang,pin,abc,nya,jgaa
d,update,ribet,pake,notifikasi,sms,isi,pulsa,udah,kena,fotongan,admin,pulsa,tuk,notifikasi,sms,bikin,ribet,pindah,bank,bikin,ribet,hidup,dah,ribet,bikin,ribet
versi,fix,isi,pulsa,top,up,dana
mohon,maaf,login,update,aplikasi,sulit,kali,kali,coba,login,tunggu,sms,login,pesan,masuk,login,akun,kemarin,update,apl,normal,lancar,jaya,kenapaaa,update,apl,sulit,login
min,ui,aplikasi,fresh,banget,ada,yah,mohon,tambak,fitur,export,mutasi,rekening,aplikasi,tks
good
nerima,sms,login,nomor,hp,sudha,pakai,login
hallo,bu,update,aplikasi,brimo,login,ulang,sms,notif,inbox,pesan,salah
hiii,kak,fitur,bayar,kartu,kredit,bank,udah,hapus
suruh,tunggu,sms
knp,sya,login,sya,udh,akun,nunggu,kode,link,kirim,inbox,sms,tp,gak,yg,mohon,jelas,nya
gak,login,baru,link,nya,d,kirim,sms,gak,sms,masuk
gak,login,pas,butuh,ribet
update,brimo,gak,login,linknya,ulang,kali,gak,masuk,inbox,udah,ulang,kali
login,update,bantu
ga,bs,login,reset,password,akhrnya,cabang,dekat,registrasi,ulang,selesai
dah,daftar,dah,hasil,klo,login,suruh,vertifikasi,email,trs,dah,vertifikasi,tp,tetep,gk
sms,masuk,login,aplikasi,nyaman,guna
gimana,login,nunggu,code,gilir,udah,dapet,tp,gada,input,codenya,cemana,bos
brimola,nya,copy,no,brifa,ga,app,brimo,bayar,briva,ga,mohon,d,baik
update,gak,loginn,suruh,buka,pesan,gak,yg,masuk
update,jelek,login,kirim,link,login,sms,udah,jam,nunggu,gaada,sms,yg,masuk,nyesel,update,susah,jelek
habis,login,suruh,tunggu,sms,ga,masuk,bingung,deh,emang,kali,kali,kirim,ulang,gimana,si
coba,login,kali,kali,brimo,masuk,kode,link,semntara,masuk,sms,kode,link,dri,bri,nomor,hp,pdhal,nomer,hp,tdk,ganti,mohon,arah,nyaa
update,baru,login,sms,verifikasi,masuk,hasil,login,mohon,baik,cepetan,gabisa,akses,tf,gaada,kabar
buka,apps,nya,tulis,username,blokir,masuk,sandi,username,salah,uang,lanjur,pindah,bri,bikin,susah,kalo
atur,but,ganti,pin,pasword,sedia
login,minggu,update,aplikasi,sms,yg,terima,dr,brimo,mohon,bantu,terima,kasih
proses,transfer,tdk,bs,jalan,saldo,terang,saldo,tdk,cukup,sayang
gak,masuk,aja,udah,log,in,udah,coba,gak,masuk,sms,ulang,kali,udh,upgrade,yg,versi,lot
knp,login,kirim,alamat,web,login,nomor
terima,sms,verifikasi
app,bri,banget,blokir,ga,salah,pasword,tahun,sdh,yg,kali,login,blokir,ribet,tau
payah,ga,login,link,nya,kirim,inboox,tpi,ga,masuk,gimana,sih
update,fitur,cetak,token,listrik
akun,blokir,resetnya,lambat,link,email,gagal,buka,tera,baik,lambat,transaksi
gk,bs,top,up,aplikasi,dana,kode,error,mulu,terang
link,verifikasi,sms,log,in,posisi,ios
gk,login,y,verifikasi,sms,udah,kali,gk,notifikasi,y,gimana
log,out,log,in,kode,sms,nomer,aktif
so,far,so,good,brimo,harap,moga,nya,aplikasi,brimo,ikut,bank,m,support,nfc,iphone
mobile,banking,absurd,fitur,buka,rekening,kartu,debit,mesti,ambil,cabang,aja,boong,kalo,mesih,cabang,lol
udah,coba,tunggu,pesan,link,login,pesan,masuk
kak,brimo,sy,log,in,dpt,lg
salah,masukin,pin,login,gagal,akun,blokir,gak,login,gak,transaksi,aneh,bank,kualitas,nya,gin,pandemi,riskan,kalo,haris,bank,benerin,akun,mobile
tampil,brimo,segar,sayang,fullscreen,iphone,xs,kurang,bintang
suruh,pasu,nomor,digit,tera,kartu,atm,salah
apa,kesel,banget,please,brimo,udah,coba,kali,kali,rekam,video,pas,udah,gagal,muncul,salah,kode,capek,tau,mencet,baik,ngeselin,sumpah,deh,dah
kk,bayar,bpjs,brimo,tetangga,warga,kampung,menu,bayar,bpjs,dimanyabya,kak,pake,versi,alpha,mohon,pencerhannya,kak
gimana,sy,login,stuck,tunggu,sms,verifikasi,masuk
update,aplikasi,baru,tampil,ui,ubah,fitur,tarik,tunai,hilang
brimo,versi,baru,tdk,menu,top,up,link,aja
aneh,banget,nih,versi,baru,tuju,m,banking,masak,menu,bayar,sedia,versi,tlg,sulit,nih,yg,desa,bayar,asuransi,jd,g
semenjak,aplikasi,update,pilih,bayar,kartu,kredit,bank,top,up,saldo,dompet,digital,masalah,ribet,bgt
banget,gak,login,terang,user,blokir,gak,salah,apa,udah,dibenerin,nnti,suka,kumat,lagidan
update,normal,update,ga,log,in,ga
terimamasih,bs,update,saldo,brizzi
udah,ulang,kali,kode,nya,ga
gimana,top,up,gopay,app,versi,baru
menu,mutasi,rekening,knp,transaksi,pakai,aplikasi,ios,tdk,langsung,nama,kirim,pdhal,transfer,rekening,bri
baharu,gak,login
fitur,sidik,jari,hilang,bantu,bgt,jd,lupa,username,gue,gak,masuk,lg,update
brimo,bayar,cicil,fif
udah,kali,kali,tahap,rekam,vidio,sampee,kali,tetep,sajaa,salah,susah,daftarnyaa
log,in,situ,tulis,link,masuk,brimo,kirim,nomor,hp,sms,masuk
bingung,cari,menu,top,up,link,aja,gopay,menu,dompet,digital,mantab,tampil,baru
fitur,catat,uang,kasih,menu,edit,hapus,terimakasih
tau,video,rekam,dbilang,sesuai,udh,take,puluh,kali,wajah,baca,sesuai,arah
ulang,kali,masuk,tera,tunggu,link,kirim,pesan
aneh,brimo,jarang,login,nya,buka,udah,blokir,krn,salah,password,bulan,kali,blokir,ganti,password,finger,tp,nga,fungsi,kyknya,mohon,baik,sistem,terima,kasih
username,password,yg,masuk,kirim,link,log,in,sms,ga,masuk,no,hp,emg,connect,brimo,udah,coba,gabisa
update,menu,yg,contoh,menu,bayar,tagih,listrik,yg,error
bug,login,akun,login,trs,update,aplikasi,habis,ga,login,dapet,notif,kalo,akun,login,perangkat,login
error,baik,gak,bsa,ngisi,saldo,dana,nomor,konyol,pake,aplikasi,bri,mobile,yg,sms,bwt,ngisi,saldo
