nyaman,banding,aplikasi
sip
sangan,bantu
good
maksud,pingin,mudah,user,id,blokir,gara,gara,nempel,sidik,jari,tempel,sebentar,pemberitahuan,salah,buang,fitur,guna,susah
praktis
kode,sms,autentikasi,masuk
mantap,mantap,fitur,beli,jual,saham,bbri,anak,usaha
keren,bangett,mantul
transaksi,cepat
simple,userfriendly
awesome
mantap,nyaman,aman,cepat
good
update,bintang,cepat,langsung,baik,review,kemarin,responnya,cepat,terima,kasih,tampil,bagus,mudah,guna,lambat,cek,saldo,rekenig,makan,menit,koneksi,internet,lancar
baik
mantap
great
keren,abis,tampil,baru,top
easy,use
terimkasih
uapik,rek,aman,jaya,sentosa
kaytama
confirmation,transaction,shall,use,pin,password,lot,easier
update,jd,force,close,ngk,buka
bagus
lot,ampas,tanggal,mudakalibrimo,koneksi,trputus,cs,bilang,pasti,jaring,hello,guegaptek,gaptek,banget,les,mandiribanking,ajagin
work,bad,app
well,done
need,argue,terrible,apps
best,app
aplikasi,dukung,perlu
mantap
mobilitas,super,duper,mantap
aplikasi,lot,kelola
good
mantab
good,app
tingkat,inovasi,mudah,transaksi,online
bantu
mobilemudah,lupa,password
bagusmilik,rekeningtinggal,masuk,rekeningrekening,aplikasi
good
brimo,tbank,ganti,linkaja,saldo,linkaja,g,baca,brimo
mantap
login,kirim,sms,autentikasi,coba,terus,login,hari
good,app
simple,secure,easy,waiting,brizzi,brion,feature,great,apps,take,improvement,android
baik
nik,relasi,dengen,cif
good
updatebuka
sebel,g,isi,saldo,tbank,mati,ga
mantul
menubrimo,lengkap,mudah,fitur,menu,mudah,guna,transaksi
aplikasibaik
login,sms,kode,notifikasi,masuk,terus
installbrimo,koneksi,susah,nyambungtau,username,blokir,kantordekat,batas,aduh,ribetsaran,cspakaimobile,lumayan,bagus
bantu,transaksi
get,otp,code,even,restart,phone,nothing,happens,checked,signal,works,fine,number,already,registered,please,handle
best
mantap
good
nice
eazy,going
dabestt,apps
good,apk
easy,use
mudah,banget
otp,dapat,hari,tunggu,next,action,pulsa,sms,data,roaming,internasional,yah
bagus,daei,versi,moga,cepat,tdk,lot
good,job
simple
trouble,update,always,stopped,response,working,well,previous,version
uodatesusah,buka,konek,servernya
transaksi,cepat
mudah
transaksi,mudah,kendala,error,transaksi,briva,bayar,doublecetak,mutasi,debet,cek,web,site,kembali,transaksi,double
nice,app
mantuuuuul
mobilebaik
enak,banget,pake,brimo,enak,tampil,oke,bandingbrimobileaplikasi,crashed,pilih,menu,transaksi,masuk,data,transfer,otomatis,bolak,login,cek,baik
mantap
best
bantu
aplikasi,crash,lost,connection,data,selular,plat,biru,ibco,id,lancar,data,seluler,wifi,lancar,transaksi,public,wifi,repot,transaksi,situs,webmohon,baik,timdeveloperterima,kasih
updatebuka,klikmuncul,logo,tulis,bank,britutup,uninstall,installhasil,solusi
error,gagal,masuk,sidik,jari,username,password,udh,bener,tptolak
sangan,bagus,mudah
mudah,pakai
asa,banget,crash,deh,pakemobileconvinient
bagus
user,friendly,menu,lengkap
uibagus,mudah,transaksitp,request,dung,klo,bs,mutasi,rekening,totalmasuk,tks
far,nyaman
bagus
bri,kereen
maknyos
transaksi,mudah,cepat
appgak,pakai
transaksi,cepat
mantul
fitur,keren,millenial,suksesbrimo,moga,depan,yahuddd
mantap
lovepraktik,banget,catat,tari,tunai,kartu,gagal,saldo,potong,repot,urus,teller,dekat,balikin,tu,duit,bayar,lancar
bestbanking,app
good
sometimes,take,sometime,operate,smoothly
awful,banget
mantaaaap
oke
mudah,cari,history,transaksisimpan,bentuk,jpg,apk,ibankbri
sistem,tinggal,scan,qrbos
mobile,apps,bankingoke,banget
gabisa,akses,pake,kuota,kudet
suck,always,crash
aplikasi,gantibri,mobilemobile,pakai,terima,kasih
bagus,bantu
de,beshhhhhh
user,friendly,cpt
mudah,urus,transfer
fitur,bayar,kai,blm,yah
luemot,gila,bos,internet,kenceng,lancar,jayaloading,internet,putus
nice
log,signal,bagus,tahan,tulis,bank,bri
siip,terima,kasih
guna,fitur,optimal,user,friendly,serba,mudah,nasabah
fast,respond,easy,use
login,koneksi,putus,instal,ulang
rang,koneksi,putusganggu,transaksiurgent,bikin,mood,rusak
transaksi,mudah,cepat,praktis,tampil,user,freindly,mula
aplikasi,simple,mudah
user,id,blokir,gimana,solusi,masuk,username,password
okey,bangetsmudah,nasabah
aplikasi,errorbaik
bri
blokir,akun,blokir,aneh,salah,pasu,password,login,koneksi,putus,data,seluler,lancar
putus,koneksi,buka,deposito,online
jaman,majulot,aja
baik,min,sinyal,bagus,jaring,bagus,koneksi,pusu,lot
fitur,mudah,brimo,maksimal,bandingbri,mobilemohon,mudah,app
goooooood
teimakasih,brimo,lahir,mudah
aplikasi,bantu,mudah,nasabah,transaksi
bank,tololg,reliable,klo,g,crash,bkn,bri
paham,pakebingung,bukalangsung,masuk,akun,ngetik,username,password
instal,terooooos,error,wae,teu,ngarti
bantu
ui,user,friendly
simple,nyaman
udah,restart,udah,komplen,email,uninstall,install,sampe,kali,hasil,force,close
bankbank,kampung
error,dc,stuck,transaksi,brimo,simple,token
mobilebaik
login,ajajaring,ga
nicee
log,blokir,kali,kali,buang,pulsa,reset,password
simple,snapping,fingers
fitur,briva
knp,stelah,download,aplikasibuka,handphone,sy,disappointment
oke
aplikasijelek
tdk,bukalangsung,logout,kali,open
helpful,app
mohon,sinkron,input,deskripsioutput,field,berita,konten,email,notifikasi,transaksi
mantap,tingkat,cepat,stabil,jaring
bagus,banget,cocok
transaksi,cepat,nyaman
awesome
mntab
error,sana,koneksi,putus,baik,jaring,bagus,ko
error,udh,login,logout,gagal,gagal,sistem,abisbuka,mesti,clear,data,baik,min
gut,job
kali,gagal,transfer,report,mutasi,kirim,bolak,bank,lapor,haduh,cape,deh
verivikasinya,bgt,sampe,x,menit,mu,transaksi,jd,susah,next,bik,lg,sistem,lainny,krn,believe,apps,bantuuser,bgt,biartinggal,lainn,semangat
blokir,mulu,ribet
aplikasi,mudah,butuh,terimakasih,bri
good,secure,mobilec,transaction,helpful
bantu,atm,tinggal
good
ngaco,nih,gk,ngecek,saldo
kali,force,close,logo,bank,bri
mudah,habis,uang,hahahaa
simpel
rada,ribet,id,blokir,kudu,konfirmasi
greatfast,reliable
mantap,bantu
bagus
new,customer,application,useful,simple,easy,useadd,another,feature,apk,far,good,jobkeep
far,good
aplikasibantu,banget,musah
error,restart,berubg,kali,login,transaksi
lot,jam,jam,sibuk
siang,ganti,brimo,mbankingudah,gagal,bayar,briva,menggangu,lancar,transaksi
aplikasi,mantap,fitur,lengkap,transaksi,cepat
bantu
mudah,cepat,transaksi
best
save,pdf,transaksikesimpen,cari,file,managerketemu
easy,use
far,good,moga,aman
mobilebaik
good
love,brimo
bikin,rekening,pas,poto,ktp,crashadmin,benah,lha,aplikasicrash,nyalahin,koneksi,internet,gk,salah,min,sy,pake,rumah,indihome,jarak,modem,min
mantul,interface,milenial
koneksi,masalah,pakai,internetbagus,login,error,mohon,baiknya
mantap,djiwa
mudah,cepat,transaksi,transfer
register,buka,rekening,pilih,buka,rekening
fitur,bagus,bangeterror,sperti,unexpected,error,asus,android,pie
detik,bagus
parah,gw,kali,blokirga,salah,password,gw,akrivasi,bank,brimo,emang,ganggu,ganggu,ge,anjiir
lancarupdate,langsung,stopped,working,coba,clear,data,biar,login,lg,ehuninstal,instaltotallybrimo
please,user,friendly,logout,menu,put,main,screen,simple,screen,icon,better,people,use,easily
sukaaaa
mantap,bri
overall,bagus,bandingbanking,sebelumya,daftar,britamaxcrash,pakai,samsung
good
koneksi,gagal,sinyal,penuh,payah
excellent,anyway,description,box,need,accommodate,space,additional,information,enough,space,currently
cakepp
terima,kode,otp,handphone,baik
bagus,mudah
easy,use,helpful
best
fast,transaction
praktis
aplikasi,oke,banget,login,pake,fingerprint,apsskini,aka,milenial,tingkatgood,job,bri
id,blokir,alas,yg
tampil,kerja,dah,mantap,tingkat
kali,blokir,bilang,salah,password,pake,finger,print,enhance,jdnyaman,kalo,apps,kaya,gin
good
bestbanking
great,apps
kali,make,aja
fitur,login,dg,fingerprint,bantu,tlg,update,developer
diupdate,force,close,login,baik
aplikasibanking,baik
kasih,review,ulang,dasarlengkap,mudah,amangamgguan,proses,transaksi,ampun,deh
lbh,oke,drpd,aplikasi
praktis,efisien
bagus,mudah,aman
jelek,bangetseing,banget,akun,blokir,kali,kali,alami,reset,passwordmulu,jelek,mohon,tingkatbrimo,tks
transaksi,cepat
good
mudah,cepat,transaksi
buka,rekening,kantor,bankbeda,informasiinternet,hasil,kode,referensitunjuk,bankhindar,covid,kl,spt,mudah,layan,buka,rekening,brimo,terima,kasih
banget,errordeteksi,koneksi,kadang,pake,wifi
ganggumohon,tingkat,layan,terima,kasih
verry,disappointed,aplication,want,login,always,system,failure,uninstal,instal
permisi,izin,ajubrimo,putus,koneksi,pikir,sinyal,jelek,sinyal,bagus,bagus,ganti,koneksi,internetnya,jaring,tetep,ganggu,mohon,responnya,terima,kasih
transaksi,aman,nyaman,fitur,lengkap,terbaikkk
stelah,updatebru,lg,buka,makasih,udh,dibenerin,bri
good
update,brimo,agustus,errormasuklangsung,tutup,smarthphone,xiaomi,mohon,bantu,min
sgt,bantu
habis,update,bugs,buka
niceee
praktisribet
good,application,mudah,gampang
aplikasi,error,cek,saldo,transaksi,error
easy,quick
best,apps
mantap,transaksi,cepat,aman
transaksitabung,saldo,hehehe
sinya,full,mentok,browsing,normal,pakaimobil,bank,lancar,gilir,brimo,notif,koneksi,putus,proses,loadingnya,loh,ajaib,terimakasih
good
mantaps
pas,bgt,dirumahaja
well
mantul
best
bagus,banget
informasi,saldo,muncul,sisa,saldo,nya
koneksi,putus,sinyal,lancar
ga,taubanget,bikin,blokir,username,n,pass,dah,bener,tpblokir
timngetesgimana,sih,coba,masukin,kode,posbikin,kesel,jgn,nyuruh,user,jd,tester,ngirim,screenshot,sewa,copywriter,ngasih,tau,user,kalo,error,dgn,bahasauser,ngerti,jgn,lsg,nampilin,sen,error,ala,developer,bumnbayar,orangkerja,bener
transaksi,cepat
good
br,dftr,otpnya,drtd,soreinboxku,gmn,ni
aman,nyaman
bantu,nasabah,transaksi
bromo,emang,terbaikk
mudah,transaksi,cepat
mudah,transaksi,cek,saldo,mutasi,atm,sampelancarmantap
dr,td,otp,masukin,error
mohon,baik,stabilitassuka,putus,server,koneksi,tp,servernyaoptimal
masuk,koneksi,putus
kode,verifikasi,udahmasuk,inbox,pusying,whatsapp,call,center,ngga,bantu
good
tampil,lbh,kece,drpdabrisbelumny,bbrp,tambah,fitur,spti,cetak,pdf,n,buka,rek,good,tp,fitur,msh,lengkap,lengkapappversi,web,tdk,da,fitur,bayar,pajak,pesawat,terbang,dilengkapin,biar,spertiversi,web,jd,biar,g,ush,lgversi,web,ny
nice
nice
yuhu
new,good,apps,bri
aplikasi,bantu,kali,coba,koneksi,putusbank
mudah,cepat
update,cek,mutasierror
okee
cool
aplikasi,berat,banget,lemmot,ngedown,ui,user,friendly,niat,ngaktifin,rekeningbanking,biar,mudah,transaksi,error,applikasinya,jaring,udah,pakai,wifi,memory,hape,banget,buka,loginloadingnya,banget
make,life,easier,add,biometric,authentication,security,assurance,official,milenials,survival,tool
good
iya,suka,kooo
upgradeerror,closepaksa,kecewadukung
nice
nice,bantu
cek,saldo,e,toll
best
nih,apksih,kode,verifikasi,woi,kiriiimmm,ellahhh
moga,layan,levin
bagus,tingkat,user,friendly,nya
baik
brimo,oke,mantull
simplejuta,manfaat,keren,bri
update,brimo,v,kali,buka,tampil,logoforce,close,bs
fitur,lengkap,transaksi,aman
bikin,kalihehee,langsung,ngertiribet,pakai,transaksi,cepet,aman,nyaman,mantap,deh,hehehe
kode,verifikasi,kirim,tunggu,menit,coba,aplikasimutu
muas
daftar,kode,opt,masuk,smartphone,tulis,sistem,error,coba
daftar,masuk,kode,otp,tdk,daftar,ulang,sistem,daftar,coba,login,data,temu,mohon,bantu,error,aplication,stolen,data,thanks
transaksi,cepat
gagal,verifikasi,email
lot,parah,diperbaikim,sinyal,udah,kenceng,pas,transaksi,parah,bgt,lot,gagal
good
aplikasi,lengkapatm,dgn,aplikasi
sidik,jari,mantap
lot
responsif,lambat,mohon,baik,responsif,dahulubri,mobile
need,updated,fix,immediately,login,always,error,said,offline,network,disconnected,please,kindly,fix,error
fast
transaksi,cepat,koneksi,bagus
sms,verifikasi,login
yg,bs,bantu,knp,sdh,installtp,kode,verifikasisms,urgent,sgr,bls
interfacenya,keren,tp,simple,feature,versi,lengkap,versi,menu,rekening,pinjam,versi,gak
good,experience
since,last,review,got,lot,easier,experiences,use,unless,easily,lost,connection
barusan,upgrade,appnya,gabisa,buka
keren
makan,nih,bintang,hahahahahaha,bintang,kalo,duit,ilang,atm,jelas,bintang,hehe
masak,pulsa
masuksampe,stress,sms,verifikasi,tunggumasuk,sampah,bgt
good,application
gagal,login
mudah,stabil,sinyal,operator,minim
transaksi,cepat
login,info,saldo,gagal,admin,twitter,suruh,cs,bank,laku,cs,bank,tetep,info,saldo,gagal
baik
sippdeh,mantap
thank,brimo
log,mohon,sistembaik
cepat,praktis
mantap,kali,apikasi,kaleng,kaleng
good,apps
sekaranv,lengkap,aman
mantul
bingung,brimob,bikin,akun,mbanking,pas,step,nunggu,kode,otp,kodedateng,sempet,pegawaipas,bank,bbrp,pulsa,minimal,rb,temenku,rb,pulsa,sisa,rb,ttp,gk,masuk,kode,coba,kali,tungguin,delay,habisku,coba,hp,ku,satu,aja
mudah,simpel,flexibel
praktis
mantap
mantap
mobilebaik
hapus,akun,gimana,sengaja,daftar,akun
app,versi,responsif,fitur,lengkap
transaksi,baik,cepat,aman,nyaman
loading,kali,susah,pakai,pakai,hp,note,pakai,enak
transaksi,cepat
brimo,mantap,udah,coba,brimo,beneran,gabunngan,fungsibanking,e,money,terus,inovasi,baru
easy,use
brimo,sip
mantap
design,tampil,bagus,menu,lengkap,isi,gopay,simple,gampang
selesai,diinstal,langsung,crashaplikasi,sj,bs,buka,lantas,guna
bestbanking,always,trust
god
bagus,tingkat
mobilebaik
aplikasi,cepat,aman
crash,mulu
awesome
kecewa,brimo,blokir,alas,salah,masuk,password,cs,internet,bankingakses,anggap,pasif,akses,penting,apa,mohon,jelas,terima,kasih
bantu,transaksi
baik
good
mohon,fitur,download,bukti,transfer
simple,nice,ui
mobilebaik,transaksi,aman,nyaman
ga,ribet,transaksi,like,aplication,good
sukses,login,mogatransaksi,jalan,lancar
greateasy,use
good
koneksi,putus,teroooossssss
complete,features,rapid,transaction
mudah,guna
repot,trouble,bukasusah
log
masukmasuk,dg,message,koneksi,server,masalah,mohon,periksa,jaring,koneksi,jaringaplikasilogin,user,blokir,hmmm,udahkali
gin,kirim,kode,verifikasi,mas,motong,pulsa,nasabah
good
mantap,beuh
bagus,mudah,guna
transaksi,cepat,fitur,lengkap,tunjang,hari
nunggu,smslog,nya
aplikasibankingringan,uitarik,simpel,dg,brimo,mudah,transaksi
klo,pakai,logout,pas,loginhang,mohonmobile,diupdate,android,mudah,pakaimobile
logbuka,clear,datamanager,gimana,sih,habis,update,gituperban,indonesia,buruk
best,banking
sip
great
excellent
excellent
nice
aplikasibanking,baik,mantap
good,app
good,app
nicee
lumayan,cepat,suka,apk
cool
joosss
aplikasi,henti,terus,lancar
muas
selamat,siang,buat,internetselesai,pulsa,arah,verifikasi,rumah,ikut,ganti,psswrd,pasu,nomer,tokensms,tutup,log,coba,masukbrimo,memsukkan,kode,verifikasisms,tp,pasu,gagal,responnya,eror,solusi
good
bestbanking,indonesia
verifikasi,email,gagal
goodapps,ever
aplikasi,keren,modern
bantu,bagus,banget
mancap
keeps,stopping,buka,sebentar,langsung,force,closed,parah,nih
good,apps,helpfull
aplikasi,simpel,cepat,mudah,dgunakan,smoga,lg,depan
feeling,bad,dont,know,fault
bro,never,recieve,verification,massage
brimo,helpful
good
aplikasisampah,emang,bikin,appbagus,dikit,napastabil,putus,sampah,pokok,ny,coba,aj,kesel,ntar
baik
keeps,stopping,frustrating,need,urgent,transaction
mantap
heran,ane,banget,salah,password,ketik,manual,salah,copas,salah,google,autofill,salah
suka,banget,gampang
otp
daftar
best,experience,easy,user,friendly,helpful,thank,bank,bri
mantap,fitur,lengkap
bayar,cicilbagus
cocokaktifitasnya,internet
nice,kembang,fitur,bayar,e,samsat,tingkat,aman,transaksi,thanks
cepat,praktis,mudah,transaksi,bri
download,oke,install,oke,buka,layar,warna,hitam,close,hiks,hiks,hiks,akses,pakai,oppo
user,interfacenya,kini,good
best
easy,use
mudah,lengkap
praktis,pakai,aplikasi
min,transfer,koneksi,putus,mulu
kalo,atm,blokir,brimo,lupa,password,prosedur,pulih,akun,brimoribet
easy,use,tinggal,top,brizzidiaktivin,top,notch,add,gov,bill,payments,overall,worthit,good,job,bri
good,jobs
app,parah,pake,login,cek,fitur,logout,buka,udah,force,close
bad,performance,phone
diupdate,suka,error,akses,suka,ngeblank,gitu,ngerepotin,hiks
app,user,friendlyeasy,use,far,find,serious,issue
pakai,brimo,kendala,koneksi,putus,update,koneksi,lancar,jaya,update,koneksi,brimo,putus,transaksi,transaksi,koneksi,putus,koneksi,putus,haah,parah,internet,kenceng,hadooo,parah,nih
good
enak,drpd,ny,sgt
butuh,sesuai,bagus,versi
banking,edaftarmobilebrimo,otp,masuk,masuk,inbox,padaha,pulsa,sedia
luar,negeri,jaring,wifi,aplikasimuncul,tulis,koneksi,putus,silah,coba
proses,cepat
nice
da,bestbanking,user,friendly,isi,brizzimasukin,e,money,tinggal,tempel,nfc,handphone,langsung,update,saldokayak,bank,belah
mantaaap
aplikasi,cpt,top,banget
pakai,brima,enak,bangettt,topup,cepettttt
baik,apps
tingkat,kualitas,nyaaa
bri,okekereeenn
atm,ganggu,ambil,duit,saldo,kurang,duit,gak
kali,kali,masuk,kode,verifikasi,sms,blm,hasil,verifikasi
aplikasimudah,bagus,banget
ga,download
mantap,transaksi,perban,mudah,brimo
nasabah,mudah
baik
mantabs
everything,gonna,okay
mobilebaik
nih,kelas,bank,bribusuk,kaya,gin,masukin,otpribetnya,ampun,pulsa,udah,isi,pulsa,sampe,habis,pulsa,kodekasih,pas,masukin,bilang,salah,udah,tahun,pakebca,aman,gk,ribet,kaya,gin,aja
keren,kini
nice,oke
nice,kini,simple,klo,pilih,topup,brizzi,mohon,pecah,krnmobile,pecah
mudah
good,application
transaksi,cepat,aman,nyaman,good,job
transaksi,cepat
good,easy,made,transaction
transaksi,aman,cepat
good,job
gooooooooood
good,apps
gin,kmaren,kalah,sm,bank,swasta,skarang,tingkat,stabilitas,aplikasi
kali,pakaijalan,lancar,bbrp,kali,pakaibuka,jaring,eror,pdhl,koneksi,internet,sgt,lancar
versi,baru,menu,mutasi,tiada
mantap,dah,pokok
kadang,suka,eror
brimo,bantu
bagus,cepat
kode,otp,kirim,sms,masuk,proses,pasu,kode,verifikasi,muncul,error,kode,masuk,sesuai,dgn,sms
cepat,features,tahan,secure,banking
nice
keren,tinggal,tambah,fitur,tetep,jaga,performathumbs
cannot,openalways,error,openedmust,reinstall,want,used
good
pilih,menu,terbit,kartu,debit,jawab,found,system,baik,trims
ntabh,mang,oding
performaturun,dapet,terang,info,saldo,gagal,main,game,onlinelancarapk,ygoverall,saangat,muas,untung,apk,semenjak,error
diupdate,bug,enable,disable,kartu,udah,disable,kartu,warna,abu,abu,switchnya,tulis,aktif,aneh
sorry,parah,bgt,gan,apkforce,close,muncul,notif,gagal,sistem,pop,bolean,fingerprint,bla,bla,bla,instal,stlh,pake,slalu,crash,force,close,ane,jalan,android,pie,api,kalo,udah,crashbs,uninstal,instal,lg,pake,bugresin,release,playstore,make,ane,hrs,uninstall,install,mulu,blm,jg,ngerasin,fituruda,keburu,fc
goodlah,ntap
otp
good
kacoooo,bgt,niieror,gajelas,lot,pdhl,internet,kenceng,payaaaahh,gak
perfect,bestbanking,country,secure,fast,sleek,toon,features,nice,experience
mantul
dah,daftar,email,verifikasigimana,coba,solusi
goodeasy,bayar,bayar
liat,histori,transaksi,kyk,versi,sad
koneksi,putus,transaksi
baik
ngk,bukakayal,tutup
aplikasi,mantap,gun,ribet
ga,login
aplikasi,buka,suka,lot,langsung,buka,optimal
best,experience,using,brimo
good,application
good,interface
simple,buat
mudah
request,debit,card,new,britama,x,account,location,pontianak,login,fingerprint,one,step,please
nice,app
helpfull
aplikasi,buka
transaksi,cepat
ga,masuk,kode,otp,ngga,wifi,lancar
transaksi,tks,brilengkap,mudah
forced,close,perangkat,realme,android,versi
makan,nih,bintang,hahahahahaha,bintang,kalo,duit,ilang,atm,jelas,bintang,hehe
aman,nyaman
mantul
lengkap,jenis,transaksi,mudah,guna
mantul
joss,klo,point,tingkat,nasabah
mobilebaik,proses,cepat,kendala
slh,pasword,cmn,pasword,dipake,kesel,pasword,ganti,lupa
nice
mantap
sebenernya,bagussayang,galaxysukaload,stuck,logouninstall,install,ulang,ehlg,hadeh,baik
brimo
yes,good
installudah,coba,kuota,wifi,jg,kenceng,aneh
tambah,menu,setor,tunaimudah,thank
mantap
koneksi,putus
could,improve,better,interface,tha,last,appsmobile,simple
nunggu,code,otp,banget
transfer,tulis,mohon,tunggu,tulis,koneksi,putus,internet,lancar,jaya,pencet,backstuck,tulis,mohon,tunggu,sadar,tanggal,sakit,kronissistem,lot,payah
good,app
good,aps
informasi,saldo,gagal
keren
apps,keren
kali,kali,kode,verifikasi,hpmasuk,login,gak
nice
bri,mantap
jossss,mantaaab
daftar,kode,otp,tdk,kirim,kali,dpt,sms,drsuruh,login,brimo,fyi,ponsel,pasca,bayar,beda,dngmobile
mantappp,tingkat
satisfied
banget,errornyangerti,kalo,udah,login,logout,login,susah,banget,ketemu,koneksi,putus,kalogitu,transaksi,error,pas,login,ngelakuin,bayar,cepet,kedelay,astaga,klien,marah,aaaaaaaaa
good,apps
bayar,pake,briva,brimo,seringkali,reportnya,gagal,rekening,debet,koneksi,lancar,kalo,bayar,briva,udah,langsung,masuk,si,terima,notifikasi,trus,kalo,gagal,debet
nice
mudah,transaksi,cepat
bintang,kalo,masukin,mutasi,kartu,kredit,aplikasi
error,jaring,loginfound,shortcut,install,ulangberes
mantapp
ui,ux,standar,mbanking,indonesia,keep,bri
good
ga,daftar,sih,daftar,koneksi,putus,jaring,stabil,coba,restart,hp,instal
brimo,emang,josss
bagus
easy,use
tanggal,muda,tgl,gagal,koneksi
good
aplikasi,bagus,banget
simple,n,fast
josss
user,friendly
fungsi,cepat
good
features,helpful,friendly,user
mantul,bro
lumayan,fitur,bagus,baik
banget
good
bgt
loginsusah,nunggu,kode,verifikasi,masuk,udah,coba,kali,kali,tetep,kode,verifikasi,masuk,hp,kasih,kalo,udah,kasih
lupa,password,jalan
respond,timelambat,bangetkayak,belah,comeway,biggerlelet,lot,ribet,gin,malu,ama,fix
mudah,transaksi
awesome
case
brimo,buka,minggu,junibuka,koneksi,putus,buka,hpbusukbrimohai,bri
heranperban,buruk,rating,koneksi,input,keyboard,telat,singkron,salah,teansfer,salah,pin,uxtele,tele,potokoler,khas,layan,perintah,otp,pulsa,abis,otp,buang,sia,sia,multi,akun,aneh,loginlogin,web,sebenernya,webgmna,sih
praktis
baharu,buka
many,bugs
bagus
transaksi,lancar,cepat,mudah,update,dadak,akun,blokir,mantap
mobileenak,pakai
transaksi,cepat
moga,aman,gaada
uxnya,enak,banget,uinya,simpel,enak,liat,moga,depan,fitur,popup,masukin,nominal,nampilin,nominaltransfer,rek,yg
kode,otp,lama,bangeeeeeet
kode,verifikasiga,kirim
bestbanking,apps
sebenernya,udah,dipake,bom,sih,udah,potong,pulsa,terima,kode,otp,pas,diinput,sesuai,otpmaksud,gimana,ni,brimo,rugi,pulsa,daftar,nih
transaksi,aman,cepat
salah,masuk,password,blokir,sensitifkembangknbener,antre,cs,reset,password,doang
awesome
cepat,mudah
login,koneksi,putus,dgn,kuota,internetmilik
bestbanking
transaksi,cepat
best,datebanking
app,always,blocked,many,times,know,fixed,using,forgotten,password,mechanism,really,annoying,happens,many,times,keeps,blocked,eventhough,something,wrong,password,wrong,problem,needs,fixed
terima,kasih,brimomudah,transaksi,praktis,luvv,banget
mudah
nice,apps,quite,handy,easy,access
keren
daftar,koneksi,putus,ulang,kali,signal
bestbanking,apps,dr,bank,pakai
eror,buka,payah
mobilebaik
baik,tingkat,cepat,transaksi
buka,rekening,salah,error,code
tampil,modern,mudah
id,reset,password,kali,reset,langsung,username,blokir,info,cs,logout,pakai,tp,blokir,ganti,id,id,rek
easy,application,user,friendly
almost,perfect,keep,features,new,menu,like,dplk,balance,n,another,payment,digital
aplikasi,bagus,user,friendly,recomended
mantap,kali,tinggal,top,brizziaja,yg
mantap
oke,bgt,aplikasi
already,installed,install,second,time,causework,well,please,let,works,previously,anymore
really,like,application,updated,version,causes,severe,errors,even,log,even,though,internet,signal,full,wrong
mantap
error,gk,login
best,apps
good,simpleribet
aplikasibaik,pakai
good,apps
nice,application
tetep,jaya,layan,baik
nice,n,good,ur,life
mantapp
baik,pokokuda,benah,banding
koneksi,mudah,putus,gagal,log,kali,transaksi,gagal,uang,ambil,onlinemudah,sulit
okeee,praktis
easy,n,simple
profesional
ga,cek,history,transfer,masuk,yaa,udahnemu,terima,kasih,merespon,review,ulang,bintang
rekomendasi
disconectbangking,ter,payah
errornya,responsif,ayo,usaha,kelaskembang,serius,aplikasi
user,friendly,helpful,application,bestbanking
good
mantulmudah
log
like
manfaat
kereennn
tarik,mudah,guna
susah,bgt,login,sinyal,bagus
best
nice,app
good,aplication
good
good
lumayan
cool,ui
oke
ga,buka,samsung,galaxy,note,please,fix
aplikasi,mantab
fitur,lengkap
aplikasi
mantab
bangetakses,farkualitas,emang,jelek,sih,atm,offline,tellernya,jutek,kalokarna,kerjabuka,briminat,sedikit
usefull
kode,otp,kirim,kartu,kartu,gagal,otp,terima,koneksi,langsung,putus,aman,daftar,susah,edit,daftar,pakai,kartu,terima,kasih,balas
kali,tdk,bs,buka,sdh,diupdate
use,go,abroad,work,indonesia
lot
sang,manfaat
jooooss
daftar,suruh,pasu,kode,otp,kode,otp,masuk,nomer,hp,coba,pakai,nomer,mohon,bantu
mudah,akses,wilayah,tingkat,kualitas,aplikasi
baik
aplikasibanking,buruk,banding,kompetitor,loading,page,gagal,login,butuh,tingkat
bintang,cuman,samsungcrash,beli,pulsa,masalah,install,uninstall,ulang
wadidaw,jiwa
goood
udah,keluhbaikaplikasi,masalah,butuh,baik,gambar,gambar,kirim,kirim,hubung,hubung
mantul,appnya
good,job
transaksi,mudah,aman,percaya
error
nice,app
suka,eror
design,etnik,indonesia,unik,tarik,transaksi,cepat,aman,nyaman
keren,aplikasi
good
faster,n,good
mobilebaik
top,markotoppp,appsnyaa
nice
mudah,transaksi
bagus,skrang,crash
keren
puas,appmksh,tlg,upgrade,utk,menu,bayar,multifinancebiar,kayak,belahlgkpsrg,error,transaksi,tlg,jgn,tllu,srg,wifi,dlm,transaksi,guna,data,selular,alam,sy,biar,gk,tjd,akun,blokir,mksh
good
login,terima,kode,sms,login,nomor,tlp
bagus
bantu
transaksi,cepat,favorit
good,apps
wrorrrrr,mulu
fitur,fingerprintsupport,hp,xiaomi,redmi,note,pro
good
usefull
bri,ngebug,kalo,login,pake,fingerprint,tempelin,fingerprint,langsung,kena,blokir,kesel,gue,fix
good,apps
transaksi,mudah,cepat,good,job,bri
cepattt
mudah,mudah,instalnya
user,friendly,app
bintang,mesti,sih,kasih,bintang,sayang,apa,nilai,fresh,install,jalan,langsung,muncul,pesan,device,meet,minimum,security,requirements,bla,bla,blabank,bcadbs,digibank,jenius,btpn,masalah,tuh
transaksi,toped,brivayaa,cek,mutasi,sukses,tp,topedmasuk,knapa
sip,canggih
terbaek
desain,jaaaauuhhbribikin,sakit,mata
parah,sebentar,blokir,suruh,gunain,fitur,lupa,password,kirim,code,pake,pulsa,bentar,ku,isi,pulsa,khusus,dpt,code,maembankingaman,sentosasuper,parah,paraaaah
best
displayuser,friendly,banget,truslengkap,keren,bandingyg
aplikasi,keren
aplikasi,bagus,cuman,konek
aplikasi,tarik,tampil,moga,mudah,proses,transaksilaku
siang,dipake,sore,udahusername,password,doesnt,match,gila
check,top,brizzi,please,fix
great,app
mobile,bankingtampil,fresh,mantulll
kak,koneksi,putus
easy,use
app,pakai,koneksi,putus
mantapppp
good,apps,upgrade,ui,please
mobilebaik
far,good
mantapp
awesome
bantu,kurang,antri,cepat,akurat,percaya
sukaforce,close,uninstall,instal,ulang
bantu,transaksi
baik
best
aplikasi,koneksi,terpustus,mw,pake,wifi,paket,data,tetephadeu
bug,force,closedibenerin,update,gih,bikinnyamanscreenshoot,bukti,transfer,forceclose,nyesek
keren,finger,scanmoga
mudah
bagus
muas
updatebagus,fungsi,cek,saldo,briva,transfer,kotapakai,koneksi,putus,isi,briva,kota,moga,baik,trimakasih
lot,bgusanknpstop,sih
simpel,mudah,modern,millennial,juaraaa
fitur,lengkap,bayar,cepat,loginribet,tp,aman,moga,fitur,dikembangin
sukses
aplikasi,brimo,akses,bilang,koneksi,putus,internet,pakai,datawifi,bilang,internet,masalah
klo,sedia,fitur,cek,transaksi,e,money,nomer,e,money,pake,hpsuppport,nfc,hp,suppport,nfc
mantab,jiwa,raga
user,friendly
mangstabh
mantapp,jiwa
good
excelent
rekening,fotolangsung,close,smartphonehuawei,pro,ambil,foto,standar,android,api,sdknya,pakai,thirdparty,kayak,benerin,w,tau,vendorantisipasi,yah,dibenerin
nunggu,otp,kagak,kirim,hp,duh
good
good
best
aja,error,update,error,log,trus,buka,apstutup,coba,buka,tampil,error
bad,aplication
login,kode,verifikasikirim,kirimngaco,hp,ud,bener,n,aktifajbener
application,help,activity,finance
aplikasi,visi,bagus,fitur,benah,brizzi,buka,deposito
goid
aplikasi,mobilbaik
oke,mudah
fast,secure
banget,error,crash,unistal,trus,instal,gitu,transaksi,ngga,lho,sktr
app,madeexperiences,lot,easier,many,usefull,features,nice,interface,deserve,whole,stars,unable,usewent,oneoffice,nice,cust,service,helped,set,voila,problem,solved,problem,till,hopefully,never,happythanks,bri
goodshare
great,experiencebanking,ever
thumbs
tingkat,significant,kecewa,jd,kasih,bintang,skrg,puas,jd,kasih,bintang
good
baik,lost,connection,gitu,catat,signal,data,hp,gak
tf,bukti,tf,save,tekan,tombol,savesave,baik
good,bank
bagusss
best
kartu,sedia,unit,kerja,mana,minta,kartu,britamax
good
aplikasi,gagal,login,block,salah,password,pin,ulang,kali,hub,call,center,bank,ajar,mbanking,bank,tetangga
far,good
mantap
love
mobilebaik
sip
britks
aplikasiskrg,susah,banget,pake,login,g,bs,pdhl,date,selulerfull,n,kecewa
always,shut,upload,photos,need,updated,really,bad,experience
good
aplikasi,mantap,rekomended,toppppppppppppppppp
bagus
mantapmudah
best
bagus
reset,password,lupa
mantab
diupdatebuka,ada,solusi
awesome,app
mantap
mantap
good,application
overalluseful
good,app
good,apps
faedah
aplikasi,bagus,bantu,mudah
oke
good,lahh
coba,top,gopay,langkahlaku,kode,verifikasi,tulis,error,error,pasu,normor,rekening,transfer,cekgopay,nomor,rekening
koneksi,putus
good
mantap,cuk,tp,klo,kayak,jenius,money,savernya,wkkw
transaksi,cepat
mantap
ga,login,koneksi,putus,koneksi,putus,sinyal,lancar,banget
mantul,keren,canggih,josss,thanks,apps,bri
fitur,lengkap,mohon,baikganggu
good
bagus,sih,tp,suka,log,kadang,mudah,error,user,pakai
top
parahkali,status,transfer,status,gagal,debet,input,username,passwordlangsung,blokir,coba,baikbank
internet,kuatbilang,internet,koneksi,putus,masuknilai,bintang
cepat,aman,fiturlengkap
dibandinginbanking,bank,brimofleksibel,rekeningdaftar,cs,transaksi,ubah,setting,limit,sms,notifikasi,cs,trus,guna,bikinkalo,cs,ratingnya,hmmm,pegawai,kali
kereenn
banget,crash,mesti,uninstall,trus,install,ulang,kali,kali,crash,masuk,halaman,login,notif,salah,sistem,mohon,baik
mohon,link,mutasi,kartu,kreditlengkap,lengkap,dgn,menu,bayar,tks
oke
gagal,daftar,kode,otp,gagal,kirim,dapet,sms,telkomselklo,pulsa,cukup,ngirim,sms,pemberitahuan,gitu,kirim,otp,langsungconcern,tau,aman,data,hak,langgan,wajib,buatbank,biaya,mfa,beban,nasabah,bank
enakkemarin,masuk,bener,username,paswrmasuk,tulis,user,id,dipake,laaa,user,id,ku,pake,buka,aplikasi
mudah
cepat,aman,nyaman
mudah,utk,transaksi,saldo,mudah,cepat,habis,sukses,bri
fitur,lengkap
good,app
good,app
buka,stop,working,baik,cepat
super,slow
aplikasi,brimo,baik
simpel,lancar,mudah,operasi
mudah,pakai,efisien
masuk,jaring,masalahaja,lancar,jaya,pakebrilancar,transaki,apa,suka,susah
jd,koneksi,putus,susah,login,kadang,masuk,loginbagus,desain,rapih,nyaman,pakai,user,friendly,sayang,susah,pakai,baik
easy,cozy
good,leki
fitur,bagus,performance,lambat,fix,error,message,koneksi,putus,koneksi
logoutclose,homescreen,hardclose,baik
proses,cepat,fiturnya,mudah,erti
transaksi,mudah,cepat
blokir,id,username,passwordnya,ganti,password
mantap,serasa,bank,smartphone
bugs,banget,koneksi,putus
gg
kalo,konfirmasi,transaksi,pakai,fingerprint,transaksi,bawah,tambahin,fitur,edit,nomor,simpan,ubah,hapus
buka,brimo,stuck,halaman,buka,masalah,mohon,baik
updatean,skarang,tampil,bagus,user,friendly,knapa,updatean,barustabil,koneksi,oke,timeout
mudah,cepat
jalan
aplikasi,jeleksy,install,aplikasifungsi,mending,pakesj,seberti,bca,mandiri,bni,simpel,bagus
aplikasi,mantap
mudah,operasi,aman,nyaman
coba,daftar,kode,oto,g,trus,coba,login,bilang,sdh,daftar,blum,masuk,kode,otp,koneksi,putus,jaring,full,mohon,baik
ganggu,masuknotif,koneksi,putus,ap,internet,lancar
tampil,aman,cepat
ngelag,ngebug,logout,koneksi,putussalah,hpnyaasa,pakeaja
aplikasi,transfer,bank,permata,dana,potong,email,masuk,transaksi,gagal,hubungcall,centre,telegram,disuru,nunggu,kerja,proses,retur,dana,pakai,perlu,urgent,hati,hati,dana,ilang,pake,apps,transparasi,kena,tegur,bi,ojk,nyari,uang,gampang,jing,emang,servicenya
crashed,macet,loading
best
bagus,tp,kadang,suka,buka,aplikasi
bagus
sinyal,eror,susah,koneksi,internet
good
opsi,login,pakai,id,lupa,id,otomatis,ganti,password,username
excellent,apk
best,app
versi,buruk,mudah,posisi,saldo,top,saldo,mudah
gopay
simple,fast,secure
menu,bom,pakai,update,plis
good,apps
simpel,millenial,fiturnya
mantap,banget
mantap,bantu
enak,pakaibrisatu
brimo,keren
simple
aplikasi,internetlengkap,tks,bri
great,ux,modern
satisfied
useful,easy
marvelous
error,pas,login,gabisa,transfer
mantap
oke
good,apps
good
koneksi,eror,teruss
cant,even,got,otp,number,everytime,register,big,expectationfix,give,stars,promise
brimomudah,akses
bgt,koneksi,eror,skelas,bri
fitur,lengkap,ui,modern
android,conection,error,please,update,support,android
ribet
terima,kasih,bantu,dlm,transaksi,sayang,updatesbrimomasalah,dr,appsusah,akses,laggy,akses,login,sulit,buffering,live,video,cek,saldo,gagal,melulu,cek,transaksi,gagal,sempurna,dgn,transfer,danagagal,total,endingkalonotif,koneksi,putus,salah,fyi,koneksi,internet,dgn,signal,wifibagus,stabil
aman,nyaman
bantu,aktivitas,perban,isu,nfc,aktifaplikasi,restart,tempo,ganggu,baik
aja,install,coba,transfer,lancar,kendala
excellent
aplikasi,mudah
good,banking
gak,login,verifikasi,kodenomer,sy,gmna,login,pokok,jelek,updatenya
aplikasi,mantap,pis
simply,application
produk,keren
puas,fitur,brimo
mudah
promo,proses,scan,qr,loading,login,ulang,jam,login,mulu,gagal,mulu,promo,mbangking,blokir,huft
mudah
good,evrything
eror,closed,login
aplikasi,manfaat,makan,baterai
transaksi,cepat
amazing
mantap
goodapp
transaksi,cepat,aman,nyaman,muas
apps,keep,disconnected,attempt,log,smh,even,entering,login,phase,due,connection,issues,hope,fix,right,away
oke
bestbanking
coba,login,kali,kali,tunggu,kode,verifikasi,kirim,sms
mantul
look,promo,application,suddenly,close,overall,really,useful,thank,bank,bri
bantu
mudah,cepat,binggungkloajar,uxbaik
good
greatttt
aplikasibanking,buruk,jelekpakai,beda,dgnmobile,plat,birukoneksi,putus,coba,baik,bnyak,bugssedih,utk,bank,milik,perintah
gagal,login,masukbaik,sampe,bagus
mantaaaaap,poko,mh
bestbanking
transaksi,cepat
best
maju,ayoo
good
lancar
great
cepet,banget
goodjob,laodingnya,aga,aja
smart,convenience,app
sayang,setor,tunai,kartu
mantaaaabs
good,job
good,apps,love
transaksi,terang,sukses,email,saldo,kurang,dana,masuk,rekening,tuju
fitur,sih,error,updateyg,efektif
disappointed,banget,susah,log,krn,putus,koneksi,sinyal,internet,dlm,kondisi,prima,bukalancar,device,yg
aplikasi,bagus,bantuhitung,limit,tarik,total,rekeningdaftaraplikasi,jalan,hpnomor,daftarmohon,cerah,terima,kasih
mobilebaik
snappy,quick,intuitive,ui
fast,easy
baik
brimo,good,mobilebanking,simple,innovative
mobilebest,ever
oke
mantap
tingkat
stuck,kode,otp,nomor,hp,sms,masuk,ulang,ngulang,kirim,kode,otp,kali,kali,kirim,kode,otp,nya,merestart,hp,kali,donk,baik
love,brimo,makeactivities,easy,hand
user,friendly,good,user,interface,good,job,thx,dev,tim,bri
aplikasi,buka,ngeblanklogo,britungguin,jg,masuk,jd,close,buka,lg,jg,gamau
manfaat,praktis
updatenya,bagus,mudah,bug,loadingpas,kali,buka,beberapa,menu,optimal,menu,rekening,terkadang,gagal,loading,detail,saldo,baik,min,fitur,dark,mode,penting,firtur,bukti,transaksi,simpan,bentuk,foto,screenshot,pdf
last,update,open,app
interface,tarik,mudahmobile
aplikasi,stabil,n,lancar
buruk,lelah,ganti,password,errorweb,buang,usaha,login,gagal,malas,tukang,parkir,bank,paksa,ib,mb,terimakasihbca
kwren,suka,banget
error,kode,gagal,pas,konfirmasi,bayar,parah
updatecrash
unfortunately,application,provides,indonesian
kendala,minta,kartu,debit,mohon,baik
disappointedsllu,tdk,bs,uninstall,trs,install,parah,bgt
user,interfacenya,bagus,minimal,simple,bug,informasi,saldo,terkadang,muncul,kadang,harap,benah,update,terima,kasih
good
baik,masalah,koneksi,putus,koneksilancar
error,uninstall,install,lg,pusinggghh
udah,lancar
bagusss
sms,autentikasi
thx,good
baik
lagging,even,though,connection,fine
best
layan,baik
sukses,bri
upgade,ketik,terang,transaksi,ngak,hurufmuat,ketik,terang,yg
mantul
daftar,ngga,online,hapuscs,telegram,payah
bantu,bugsgagal,liat,saldo,gagal,transfer,briva,fail
transaksi,cepat,mudah,aman,nyaman
best,pkke
keren,designelegan,guna,simple,utama,aman,tks,bri
link,verifikasi,emailkirim,udah,nyoba,kalimasuk,tuh,link,email
mbanking,baik
good
user,idnya,blokir,password,bener,udah,kali,ganti,ribet
excelent
error,koneksi,putus
great,fast
diupgrade,stop,working,telpon,cs,saran,uninstal,instal,parah
good
aplikasi,bagusnyesel,deh,kalo,install
good
mantap,bagus
mantap,layan
mantap,simple,transaksi,uang
mohon,tambah,fitur,transaksi,bank,skn,kliring
bagus
good,job,team
mantapstabil,mudah,transaksi
gt,deh
lumayan,bikin,emosi,pakekali,user,id,blokir,udah,forgot,password,ganti,password,habis,buka,selesai,logout,fiturnya,bagus,tp,crash,transaksi,login
mobilekeren
cek,saldo,brimogimanacek,saldo
tau,sendiri
simple,lengkap,moga
bagus,cepat,enak,gurih
best
fitur,hapus,rekening,simpan,transfer,salah,simpan,rekening,orang,kenal
nice
parah,lot,nunggu,beduk,magrib
bantu
aplikasi,mudah,lancar
good,aplikasi
aplikasi,bagus,id,blokir,selesai,login,logout,blokir,minggu,bank,buka,blokir,aktifitas,kecewa,sistem,bri
mantap
good
gampang,praktis,banding
nice,app
top,brimo
aplikasimudah,guna,mula,easy,learn
mantap
buka,applikasi,error,hapus,download,ulang,login
mantap,banget,mudah,moga,mura,biaya
tampilanya,bagus
cool,application
manfaat,fitur,history,dpt,terima,kasih
awesome,onelife,lite
mudah
gagal
suckok,koneksi,putus,cokk
transaksi,mudah
cepat,mudah,transaksi
aplikasi,payah,bank,rakyat,tpkaya,gin,loginsusah,banget,bilang,gk,ad,koneksi,kuota,msh,giga,bayar,programer,mahal,dikit,biarlancar
puas
bagus,tingkat
great
nice,charge
info,saldo,gagal,transfer,gabisa
wow
great
fast
good,application,easy,use,help
best,application,ever
ngga,login,sms,verifikasi,ngga,masuk,udah,ulang
goodbanking,app
internetteribet,utk,registrasi,udah,kali,datengin,bank,langkah,ribet,sampe,blokir,mulu,sy,jg,pake,aplikaso,bank,tp,ib,btiteribet,registrasi,banding,dgib
amazing,usemo
best
serba,praktis
appbanking,buruk,indonesia,untung,besar,bank,indonesiamobile,bankingnya,error,gagal,muat,saldo,notifikasi,koneksi,putus,cek,mutasi,loading,bufering,ampunn,coba,ngobrol,ama,bank,bumn,mandiri,bagus,cepat,jarang,error,baikmobilenya,ampunn,dehh
good
good
inovasi,baru,drkereenn
mantapp
simpel,cepat,transaksi
normal
good
mohon,baik,sulit,akses,negeri,sulit,tki,aksesinternetterima,kasih
good
bestbanking
koneksi,putus,internet,stabil
sebentar,blokir,sy,sampe,bingung,mikir,password,sy,orgsinyal,provider,ngaruh,tp,sy,pake,bnisangkin,payroll,syjd,tingkatkalo,nyontek,tuhbni,bumn
tindaklanjuti,lapor,minggu,jelas,uang,ribu,hilang,bank,asu
tambah,reset,password,gabungcredit,card,bagus,error,code,bantu
blokirngapa,ngapain,capek,ngurus,buka,blokir,ribet
mantap
update,login,tunggu,solusi
mantap
aplikasi,error,alas,koneksi,konseksi,lancar
mudah,simple,good,jobku
mantap
app,make,angry,everytime,log,id,blocked,call,reset,password,many,time,reset,password,log,id,blocked,call,reset
keren
aplikasimobile,mudah,bayar,beli,gratis
good
great
simpel,drmobile,tp,lengkap,fiturnya
proses,transaksi,nonaktif,fitur,screenshot,share,hasil,transfer,transaksi
mantap
good
koneksi,putus,jaring,signal,full
toooppp
bagus
blokir,udh,ngasi,passwordbener,tingkat,lg,sistem
best
overall,good
ashiaaap,mantul
transaksi,cepat,mudah,interfacebagus
bagus
transaksi,cepat
salah,bank,besar,indonesia,produk,scr,performa,papan,indonesia,respons,serverlambat,rumitkali,daftar,brimo,gantung,dgn,registrasi,websitekonvensional,desin,uiala,kadar,guna,progress,loading,barwarna,samar,dgn,background,background,putih,progress,loading,bar,warna,biru,muda,sayang,developer,perhati
transaksi,cepat
sumpah,aplikasknya,jelek,banget,jaring,gue,bagus,tapo,koneksi,putus,mulu,gue,bukatrus,td,pas,daftar,udh,menit,nungguin,kode,otdudh,gitu,tulis,sesi,udh,kocag
nice
aplikasi,bagus,bandingbritampilang,eye,catching,sabar,update,update
install,ulang,handphone,trus,download,brimo,kode,verifikasi,login,masuk,nomor,jelas
mohon,kelola,brimobaik,mudah,layan,nasabah,bukasusah
sippp
mantabh
aplikasi,bagus,simpan,bukti,mutasi,bentuk,pdf,samsung,galaxy,pro
cepat,cuman,biaya,admin,mahal,kale
best
mobile,finance,mudah,konsumen,transaksi,uang
serverv,lambat,respon,putus,transaksi
aplikasi,error,transaksi,muncul,error,koneksi,putus,internet,masalah,stabil,release
alami,kendala,user,blokir,user,temu,cs,utk,buka,akunblokir,tsb,overall,oke,tingkat,lg,kualitas,yaa
mantap,kembang
fitur,lengkap
ngga,dapet,kode,otp,nya
ui,uxnya,beda,drnyaman,n,gampang,pkrbaru
good,suka
siip
transaksi,cepat,aman,sidik,jari,face,recognition,terkadang,masalah,koneksi,internet,lambat
cepat,aksesbaik,kalah,cepat,banding,bank,bca,niaga
great,promo
mantap
bagus,buruk,minggulogintanggung,bank
fitur,lengkap
bug,koneksi,bagus,login,registrasi,alas,koneksi,putus
gets,better
good,aplication
tingkat,layan,nasabah,turun,bunga,pinjam
hidup,mudah
bukaforced,close,uninstall,install,baik
easy,useful,app
bagus
like
informatif,stabil
one,explore
aplikasimantabbb,usefull,keren
bagus,mudah,aman
sukses
bestever
aplikasi,bantu
transaksi,cepat,nyaman,mantap
usually,show,error,connection,hard,finish,one,transaction,please,fix,problem
easy,safe
mudah,n,aman,transaksi,pandemi,dgn,aplikasi
usah,kelas,bridiinstal,hp,ngecrash,blokirmaksimal,kalics,minggu,salah,masukin,username,password,tau,tau,blokir,dasar,fakta,ah,otp,bayar,asli,masak,unblok,akun,otp,hp,nyedot,pulsa,pengin,bicara,kasar,gada,kasar,nyrempet,jelek,layankelas,bri
pmbayaran,cepat
awesome,bri
good
keren
transaksi,pake,delay,kalo,fitur,bayar,cc,tambah,pilih,bank,mantap,bri
aplikasi,bagus,user,interfacekeren
best
aplikasi,rekomendid,banget,uji,sabar,sabar,narasi,ragu,biintang,narasi
aplikasi,terima,kasih,min,respon,cepatmudah,akses
good
lumayan,bantu
blokir,salah,password,gmn,betul
respon,lambat,apa
update,mulu,dah,bikin,gagal,transaksi,kasih,notif,donk,kalo,perventive,maintenance,udah,x,blokir,gara,update,error,gagal,salah,username,password,coba,liat,new,updatenyayg,sifat,urgent,update,fitur,system,aman,rate,doank,banget,nih,gw,kasih,rate,developer,nya
menu,simple,mudah,cepat,pas,goodbanking,apps,nice,brimo
terimakasih
membantuuuuuuuuu
simpel
user,friendly,mudah,responsif
next,update,bs,baik,minpotong,halaman,mutasi,idrjd,gk,bs,liat,dg,detail,uang,masuk,thankss
coba,top,saldo,linkgagal
good,application
kereen,bgtone
tingkatsignifikan,drmobile,bangking,ui,user,friendly,guna,token,uras,pulsa
user,password,blokir,ganti,kali,nyaman
transaksi,cepat,simple
jelek,banget,jelek
bintang,brimo,topup,online,brizzi,halbri,mobile
simple,lengkap,mudah
mantap
transaksi,cepat
wow,great
muas
fitur,lengkap,transaksi,aman,nyaman
mobilebaik
bagus,banget
keren
simple,aman,cepat
mantap
transaksi,cepat,aman,nyaman
nice,brimo
bantu
bolak,blokir,benerin,eh,blokir
mantap
design,bagus,multifungsi,transaksi,fitur
login,reset,password,login,biometric,gabisa,dipake,blas,udah,komplen,cs,jawab,standar,admin,medsos
tuhan,crash,ni,appsdigunain,bukajaring,sibuk,masak,error,sampe,minggu
aplikasi,lambat,respon
best
niceeee
mantul
good
muantep,pol
gooood
good,aplication
mantapu
great,app
mantaabs
lumayan
mudah
baik,sistem,tida,lag
ga,masuktulis,koneksi,putus,silah,coba,bantu,suruh,coba
crash,gabisa,dipake,ningecek,saldobaik
minggu,login,putus,gagal,kadang,ttp,gagal,dg,notifikasi,internet,putus,ganggu,lancar
susah,banget,download,hp,oppogampang,download,aja
helpful
susah,banget,login,ribet,yg
good,app
puas
best
good
nice
baik,bri
mutasi,rekening,hilang
allow,acces,galery,save,capture,transaksi,bikin,data,sd,card,hilang,rusak,parah,dah
aplilasi,brimo,jalan,lot,android
aplikasi,ringan,simpel
lancar
nice,app
fiturnya,lengkap
bgt,koneksi,putus,update,pls,fix
excellent
nicr
mudah,tranksaksi
helpful
bagus,cepat,aman
update,apps,buka
close,lot,parah
thanksnice,application
mibilelengkap,cepat,mudah
x,daftar,kode,otp,kunjung,smsny,bbrpa,x,coba,g,jg,lgsg,uninstall
bagus,app
aplikasibanking,lot,loadingnya,transaksi,gagal,moga,benah
easy,use,fast,respon,transaction,easy,login,phone,finger,print,sensor
verifikasi,email,gagal,buka,rekening,data,tp,pesan,salah,bla,bla,bla,kode,baik
bantu
failed,register,said,internet,connection,even,though,internet,completely,fine
bri,mo,baik
verywell
mantap
koneksi,putus
banyank,crash,applikasi,tutup,buka,buka,pdhal,transaksi,selesai,paksa,ulang
canggihbank,kalah,bagus,mantul,pokoke
baik,lg,biar,pake,face,id
gaje
mobilbaik
review,update,tgl,sep,bukti,bayar,trx,klik,simpan,transfer,masuk,folder,download,simpan,folder,gallery,otomatis,user,pilih,simpan,bukti,bayar,thanks
simple,bantu
mantav
bantu,transaksi,cepat,tarik,uang,tunai,ui,bagus,muda,erti
fitur,lengkap,user,friendly
mobilenyaman,fitur,lengkap,aman
mantaaaaap
ga,akun,gabisa,masuk
mantap
aplikasi,keren,fitur,mudah,jaya,bri
worst,bankingone,biggest,bank,country
good
sayang,fitur,menu,kartu,kreditga,doang
nice,app
bagus,bgt,bantu
verifikasi,email,gagal
helping
joss,androidsblmnya,bingungmobile,utk,android
keren,abiiiis,top,uang,elektronik,smartphone
bagus,aman
okay
susah,banget,daftar,muncul,notif,koneksi,putus,koneksituh
aplikasi,sih,mo,beli,pulsagagal,emosi,kalo,bom,layak,pakai,paksa,pas,butuh,problem,connection
good,app
cepat,mudah,internetbaik,keep
keren,cepat,mudah,sukapokok
fitur,lengkap,bantu,transaksi,hari
bantu,transaksi
transfer,transaksi,mudah
koneksi,putus,transaksi,kali,ganggu
updatebuka,unfortunalely,brimo,stopped,improve,nya
far,good
mantap
aplikasi,raiso,akses,kasi,internet,stabil,karna,internet,nda,stabil,indonesia
good,app
ganti,hp,gimana
keren
bagus,interface,tarik,mudah,transaksi,bintang
manfaat,terimakasih,bri
making,transaction,done,easily
bagus,cumanfitur,catat,transaksi,masuk,rekening,layak,print,buku,tabung
manteeep,baik
error,update,applikasi,crash,force,close,ganggu,mohon,baik
hang,kosong,laman
ganggu
akun,akseskerap,error,message,kali,masuk,kode,otp,edit,akses,bantu,sedia,opsi,bahasa,inggris
transaksi,cepat
tampil,ciamik
mudah,cepat
mantap
nice,application
good
mobilebaik
mantab
jaga,aman
praktis
greateasy,use,great,job
mudah,digunaka,n
good
cepat
good
force,close
abis,updatebuka,gimana,diskrinsut,orang,bukaforce,close
installogin,blokir,dn,reset,password,padaalyg,salah,dri,password,udah,pake,irish,recognation,udh,bbrapa,kali,kaya,gitu,alhasil,kbanyakan,ganti,password,jdi,lupa,males,pake,brimo,mendingbri,mobilemohon,baik,samsung
transaksi,cepat,aman,nyaman,fiturnya,lengkap,luv,banget,deh
good
ga,bs,login,pendftaran,bank
batu,mobilitas,sy,hari
tp,sinyal,jelek,g,dpt
kereeen,login,lngsung,pakek,sidik,jari,smga,sukses,trusn,bnyak,kreatif,mudah,transaksi,perban
buka,rekening,rumah,disuru,nunjukin,kupon,aju,cabangdekatrumah,nama
excellent
mohon,baik,systemdaftar,dapet,kode,otp,coba,ulang,mohon,konfirmasi,nya
mantap,tahan
aplikasi,eror,koneksi,tingkat
brimo,tdk,buka,appnya
good
perfect
mantap
good,apps,keep
brimoke
mantaap
wonderful
aplikasi,bantu,sukses,terusss
keren
cool,one
msh,jelek,masuk,menu,logingk,diupdate
susah,akses,tdk,sepertubankingbank,lancar,jayadisconnet,shameindonesia
transfer,uang,atm,tdk,payah,jelek,bangetaplikasi,perban,yg
sih,ko,crash,login,mulu,transaksi,selesai,klik,menu,promo,langsung,login,sedih,update,update,baik,appyg,kecewa,pindah,layan,bankresponsif,stabil
bugnyaa,stop,responding,gimanaa,nii
keren,bgt
banget,login,koneksi,putus,coba,koneksi,jaringerror
ui,manja,mata,bukabgt,loginpilih,sub,menu,loadingga,abis,abis,sptaplikasibgtu,sempurna,lempar,pasar
bri,depan
lot,loading,bandingfinance,bank,semangat,brimo,kembang,moga
transfer,gagal,kode,besok,transfer,total,transfer,bank,atm,rp,transfer,rp,brimo,mohon,baik
lot,nutup
cepat,praktis
bri,mantap
bantu,bisnis,pulsa
oke
aplikasi,keren,thanks,olive,brimo,bri
aplikasi,lot,bgt,sinyal,normal,stabil,bgt,moga,tingkat,kualitasbiarbikin,esmosi,overall,bantu,mudah,bayar
mudah,guna,token
sulit,login,terang,eror,koneksi,putus,pakai,koneksi,wifi,stabil,update,login,moga,depan,eror
expreesss
mantap
baik,transaksi,cepat
good
mantap
overall,aplikasibagus,banyak,fiturnya,isi,brizzi,jadibri,biar,download,installbri
brimo,mudah,cepat,transaksi,terima,kasih,bri
goodfinancial,transaction
praktis,userfrendly,uiuxnya,harap,nasabahintegrasi,dompet,digital,terima,kasih
updatebuka,apl,nya
transaksi,gampang,nyaman
keren
aplikasi,nyaman,cepat,fitur,lengkap
updatestuck,logosolusi
aplikasi,dgn,tp,tgl,akun,blokir,user,passmasuk,sdh,udah,ganti,password,jg,blokir,login
cepat,simple
tampilkeren,liatinfo,kurs,lokasi,atm,lokasi,unit,kerjabuka,rekening,jugaa,kereenn,kereen
koneksi,putus,udah,sampe,diinstall,ulang
lot,bugs,cannot,open,app
good
cool
nice,program
fingerprint,login,best
belanda,brimo,yach,solusi,biar,brimo
bagus
bug,sony,experia,xz,oreo
guna,banget
apps,always,cannot,opened,pm,please,make,stable
baik
appdaftar,pakai,nama,lengkap,tpi,gilir,login,username,goblok
simple,user,friendly
koneksi,internet,sy,lancar,tuliskoneksi,putus,aplikasiaplikasi,kek,sampah
koneksi,putus,mulu,dah
hari,selesai,transaksi,errorsdh,buka,tdk,nyaman
brivalg,erro
thank,generosity
best,ever,mb
excellent
manfaat,mudah
puas
serahmobile,bankinbrimo,install,aktif,bri
fitur,lengkap,mudah
nice,dah,login
blokir,ketidakstabilan,jaring,temumobiledevice,jaring,sisa,fitur,lengkap,tampil,modern
mantul,perhatipakai,transaksi,install,ulang
mudah
bikin,akun,susah,bgt,info,saldo,gagal,tolong,baik,makasih
flexibel
awesone
crash,mulu,boss
good,app
login,gak
easier,complete,much,better
nyaman,dgnaplikasiskr,krn,masuk,menu,loginhitung,menit,nyaman,pakaidluperforma,ngga,lambat,kykaplikasi,skrdlu,ribet,pas,installkrn,hrs,bantu,cs,krn,installstore,ngga,skr,udhupdate,baru,performabanget,lambaaaatttt,berat,utk,loginbedadlu,please,aktifin,lgidlu,donk,jd,pakedlu
interfacenya,drmobile,fitur,top,online,brizzi,bebas,isi,nominaltentu,nominal,bukti,transaksi,foto,pdf,kasih,pilih,bentuk,pdf
far,good
bagus,fitur,topup,brizzi,nfc,aktif,tombol,logoff,colok,accessible,nasabahlogin,browserbrikunci,terima,kasih
user,friendly,cool
good
error,mulu,ngajak,kaya,emang,emailfollow
gk,kirim,mtoken,loading,call,center,sulit,hubung
buka,koneksi,putus,pakai,wifi
user,friendly
aplikasi,buruk,kode,otp,kirim,ulang,ulang,daftar,cuman,collect,biyaya,smskirim
recommended,finance,apps
greatcrash,lotbanking,able,make,life,much,easiersurely,want,finish,transactions,feels,like,misery
daftar,bank,bank,minggu,pas,login,verifikasi,error,transaksi,izin
terima,kasih,mudah
andal,kerja,loginsusah,maaf,kasarsampah
great
nyaman
ganggu,koneksi,putus,terus
aplikasi,human,friendly
habis,update,error,kocak
bestie
transaksi,izin,kode,maksud,gimana,gara,gara,telat,bayar,flashsale
great,ap
bestttt,best
best,aplication,transaction,brimo,thankyou,bri
tampil,modernberat,butuh,koneksi,stabil,sinyal,udah,full,bar,sukaapp,ringan,baik
bug,ulang,ulang,ngirim,kodedisconnect,baik
lengkap,mudah,cepat,aman,terbaiks
jelek,banget,sih,error,salah,koneksi,tp,sinyal,aman,aja
hahahahahahajahaj
aplikasi,bantu,atur,uang
akun,blokir,mohon,jelas
latest,update,always,shown,connection,time,disappointing
awesomesmoga,brioncepet,aktip,heheheh
good
app,always,crash,everytime,login
force,close
aman,nyaman
brimo,kerennnlengkap
laku,baik,bangsa
aplikasi,keren
app,always,forced,closed,keep,saying,unfortunately,brimo,stopped,tried,log
always,got,disconnected,sucks
bagus
feeling,good
atur,hapus,rekeningsdh,daftar,tdk
wow
apps,brimobagus,dan,tarik,tunai,kartu,mesin,atm
kali,kali,akunblokir,mudah,atas,jengkel
mantap
mudah,lancar,transaksi,praktis,banget
keren,mudah
buruk,data,rekening,baca,coba,log,internetkontak,call,center,telefon,telegram,wa,selesai,template,minggu,inetsekian
diupdate,buka,nyesel,udah,update,udah,enak,banget,pakai,brimo,maap,bintangupdate,ndak,pakai,terima,kasih,respon,cepat,admin,update,versi,baru,brimo,normal,mantapp,bintang,kasih,deh
nih,baik,tanggalpayah,bulan,gampang,susahatm,koneksi,putus,ato,transaksi,gagal,trus,ampun,bikin,spaneng
bagus
best,bankingindonesia
koneksi,putus,silah,coba
good
force,close,meu,buka,baik
usefulbetter
mobilebaik
transaksi,aman,admin,yg
aplikasi,keren,bantu
stabil,nih,gagal,koneksi,error,server,depa,kembang,send,black,shark
sms,otp,masuk,udah,kali,cobapulsa,hahahaha
great,app
transaksi,cepat,buka,tunggu,menit,internetbuka,internetbuka
transaksi,cepat
buka,rekening,tabung,britamax,force,closed,upload,foto
aplikasi,bantu,terimakasih
nice
praktis,banget,recomended,banget
mudah,cepat,aman
jaya,good
bagus,pokok
mantull
baik
good
update,muncul,device,meet,minimum,security,requirement,versi,os,android,pie
aplikasi,buruk,akun,blokir,kali,reset,akun,developerpayah
server,saking,kesel,ane,smp,banting,hp,krn,cek,saldosusah
mantap
guna,banget,ngak
mantapps
terbaek
aplikasi,loading,gagal
super,awesome
friendly,user,cepat,aman
transaksi,cepat,mudah
much,better,mobilebri
lot,user,interface,user,friendly
good,applikasi
blokir,buka,applikasi,sekali,buka,blokir
aplikasi,hp,tdk,login,biometric,sidik,jari,yah
tampil,tp,buka,jd,uninstall,install,kmbali,appmohon,baik,yah
good,app
app,keep,closing,seconds,cant,transaction,please,fix,immediately,thx
keren
bagus,skrg,ko,tiada,internet,internet,putus,tp,pakai,iblancarcoba,baik,untung,mesti,layan
easy,use,always,say,koneksi,putus,silah,coba,please,fix
aplikasi,koneksi,putus,konekasi,buka,aplikasipakai,wifi,mending,tpi,tetepkoneksi,putus,baik,biarada,guna,pakemobile,klogak
good,app
improvisasi,bagus
koneksi,putus,internet,sambung
proses,update,saldo,gagal,yak
gooduseful
simple
okehhh
joss,kakean,update,ding,raono,ubah,boros,kuota,cuk
login,krn,muncul,layar,aktivasi,akun,terus
good
lag,teruss,info,saldo,gagal,appslelah
transaksi,cepat
bantu
ewer,ewer,ewer,ambyar
good
nice
keren
aplikasi,ringan,cepat,praktis,mudah,transaksi
usefull,easy,use
good,aplication
aplikasi,mudah,paham
bu,kq,klen,parah,x,saran,agr,baharu,tp,stlh,laksana,jd,gk,bs,force,close,trus,kq,gt,x,klen
good,transaksi,genggam
pakai,fingerprint,bantu,masuk,pasword
ngirim,kode,otp,banget,daftar,ribet,udh,rekeninglangsung,masukin,nomer,kartu,ujung,mesti,countermobile,ass
great,apps
good,apk
easly,use,complext
mudah,nyaman
joosss,mantap
bukahp,direstrart
jos,mudah,aman,dgn,fitur,sidik,jari,login,lbh,aman
amazing
ubahmobile,eror,password,token,sms,guna,jaring,ribet,pakai,finger,token,jaring,stabil
ganggu,bikin,emosi
lambat,data,seluler
user,friendly,smg,jaya
transaksi,aman,nyaman,fitur,lengkap
nyoba,btw,komen,pake,bahasa,sonobangga,pakai,bhs,indonesia
kali,kirim,otp,salah,truss,canda
cari,kode,pos,lurah,camat,registrasi,buka,rekening,muncul
aplikasi,tdk,buka,tampil,layar,tulislayar,gelap
aplikasibanking,baik
bug,bayar,brivabilang,saldo,saldo,top,linkaja,mohon,developer,laku,testing,kala,releaseterima,kasih
gampang,banget,blok
good,aplication
kalo,tambah,fitur,tarik,tunai,kartu,setor,tunai,kartu,depan,kembang,fitur
produk,bagus
jelek,close,hp,ram,gede,update,os,internet,stabil,tetep,ja,close,gk,tpi
simple,cepat,mudah
bagus
bantu
good
kode,otp,masukakun
versi,babyak,bug,paaswprd,kombinasi,deteksi,input,password,fitur,briva,suka,error,balance,insufficient,username,dibanned,minggu,kali,kantor,cabangpulih,usernameblokir,baik,versi,bugnya,prefernbm
greatful
transakasi,cepat,aman,nyaman
vg
transaksi,cepat
mohon,maafburuk,operasi,login,transaksi,usernya,blokir,username,passwordmasuk,active,akun,ulang,ribet,orang,mobilitasmbanking,fix,bug,jaga,kualitas,layan,salah,nasabah,pindah,layan,perban
mudah,transaksi,brimo,moga,tambah,fitur,fitur,guna,depan
error,pake,fingerprint,gakbisa,suruh,pake,password,udah,pake,password,blokir
excellent
fitur,lengkap
sms,verifikasi,lamaaaaaaaa,bgt,masuk,butuh,gabisa,cepet,menit,masuk,smsnya,kirim,ulang,ampe,pulsa,abis,tp,login
mobilebri,mudah,nasabah
good,aplication
siip,banget,saran,sip,tambah,dg,deskripsi,rincian,transaksi
mobilebaik
always,error,transaction
apps,really,good
excellent
goodeasy,use,eye,catching,icon
errorheran,teman,gaji,cair,proyek,langsung,pindah,dana,bca
mantap
useful
bestbanking,application,friendly,user,interface,great,job,bri
ubahmoga,antri
eror,koneksi,putus,bukahrus,loading,menit,loading,error
aplikasi,instal,ulang,pakai,transaksi,bikin,g,nyaman
habis,update,force,close,logoblm,sampe,halaman,login
update,login,sms,aktivasiuseless
kasih,bintang,karna,kerja,bri
good,user,interface
kode,otp,kirim,kirim
apk,jozzz,ibco,id,soakmobile,soak,trx,briva,potong,double
bri,bnyak,dr,atm,appssusah,skli,dpt,verifikasi,kodekacauuu
terang,koneksi,putus,login,login,app
bagus,sederhana,informatif,mudah,aman,sayang,daftar,leasing,lengkap,mohon,leasing,acc,menu,bayar,pinjam,thanx
jaring,error,gagal,liat,saldo,transaksi,pdhl,sdh,pake,wifi,super,cepat
kerennnnn
pasword,login,pasword,transaksi,aman,menu,bayar,lengkap
susah,buka,sekali,buka,error,jaring,bagusmohon,tindak
sederhana,internet,banking
daftar,uji,cobapakai,wifi,tawar,cs,kantorlancar,pakaipakaidata,muncul,koneksi,putus,silah,coba,browsing,apps,lancar,sinyal,gada,kendala,baik
fitur,lengkap,trx,uda,cuman,suka,blokir,pdahal,uda,pake,fingerprint
kereeenn
usefull,powerfull
mantapserba,praktis,login,fingerprint
die,laju,wush
mantappp,guna
susah,login
bantu,error,bjsa,log
uninstall,reinstall,klo,pakai,mgkn,benah,ganggu
loginmudah,finger,print,fiturnya,lengkap,mantulll
good
terima,kasih,developer,brimo,tanggap,cepat,selesai,aplikasi
mudah,nge,eror
good
transaksi,cepat,mudah,aman
nice,app
nice
cepat,aman
bantu
good
aplikasijalan,sim,card,indosat,ooredo,coba,ganti,hp,ganti,slot,sim,card,hp,nomerdaftar,nomer,indosat,ooredo,nomer,pulsa,sms,masuk,nomer,masuk,bapa,apkikasinotabene,butuh,sms,verifikasi,gak
great
fitur,bayarlengkap,mudah,cepat
sip
lengkap
update,aplikasierror,gabisa,buka,thanks
loginsusah,banget,koneksi,internet,lancar,jaya,buka,mudah,sulit,koneksi,putus,thanks,bri
mudah,cepat,transaksi
dbenahi,biyar
bestt
bagus
connection,kept,says,koneksi,putus,internet,fine,whats,point,usinguse,make,questioning,using,service,thank
greatest,application
greateasy,n,helpfull,thankyou,bri
login,krn,alas,koneksi,putus,buka,yutube,browsing,lancar
guud
transfer,deskripsi,isi,tulis,terang,email,informasi,transaksi,berita,terang,kosong,mohon,perhati,ditindaklanjuti,terima,kasih
udah,registrasi,udah,verifikasi,udah,kali,login,bilang,akun,ngga,user,profile,exist,kode,un
mantap
aplikasi,macem,apan,sih,nih,banyak,errornya,drpd,benernya,nabungpotong,udah,tutup,rekening,bri
lumayansms,banking
best,financesimple,fun
transaksisusah,koneksi,udah,bagus,jaring,teputus
kirain,daftar,online,rekening,btpn,jenius,bank,cabangpatenkalah,jenius,bank,ngapain,daftar,online,mending,langsung,bankburuk,trims
cek,aplikasipakai,bayar,briva,dr,pagi,eror,ba,cek,saldo,transfer
always,pop,screen,brimo,responding,hmm
bad
good,application
update,oktober,verification,code,sms,tp,smsnyamasuk,ditungguin,gmn
coba,transaksi,muncul,pemberitahuan,koneksi,putus,sinyal,lancar
awesome
lumayan,cepat,reaponsif,bagus,password,ganti,fingerprint,faktor,aman,si
app,make,transaction,easier,never,go,outside
skrg,isi,brizzi,online,praktis
mudah,cepat
bagus
banget,deh
useful
fungsi,terima,kasih,feedbacknya
good
terimakasih,bri
dr
login,akun,blokir,salah,password,username,cek,login,pakai,sidik,jari,blokir,aneh,masak,transaksi,akun,blokir,lelah,sebal
udah,lanjur,uninstalmobilepakeeh,hari,udahdipakebuka,error,intalmobile,yglangsung,aktivasi,gagal
aplikasi,lelet,muncul,notif,koneksi,putus
juuuooosss
bagus,banget,appnya
simpan,file,bukti,transaksi,dlm,bentuk,pdf,picture,sulit,cari,buka,jenis,handphone,bintang,update,komplain
brimo,oke
user,friendly,cepat,proses,transaksi
pokok,mudah,bgt,mantap
fitur,lengkap
mudah,transaksi
good
okeee,banget
bantu,terima,kasih
good,aplication,ever
works,first,time,usethink,caused,network,works,really,fine
updet,gabisa,buka,hp,oppo
sampah,login,payah,putus,koneksi
aplikasi,minggu,blokir,usersalah,passwordbaik,errornya,jg,ksh,solusiutk,reset,password,ajakasih,permanent,solution
keren,banget,ezi,bizi
ah,bingung,reset,password,udh,ganti,pake,user,ib,tp,pas,login,brimo,user,login,bilanglogin,pake,sidik,jari,jd,sebenernya,username,ib,brimo,beda,sih
kecewa,topup,saldo,pulsa,masuk,nomormasuk,krn,bugtsb
banget
great
apkbagus,makasih,udh,bantubank,atm
username,blokir,kali,lupa,logout,session,login,auto,habisminimize,capek,ngurus,akun,blokir,mulu
top
transaksi,aman,nyaman,sgt,mudah,dlm,transaksi
good
amazing
cepat,aman,fitur,lengkap
transaksi,lancar,alas,call,center,malam,jaring,baik,wth
sangattttt,bagussssss
bayar,bpjs,tenaga,kerja
good
simple,efisien,efektif
good,job
best
great,app
ingat,koneksi,putus,pdhl,koneksi
koneksi,putus,gin
brimo,gk,dbuka,buka,blank,trus,close,lg,aplikasi
update,applikasi,mudah
good
login,kalo,biometricnya,setting,pilih,face,id,fingerprint,kalo,android,settingnya,pake,face,id,defaultnya,pake,fingerprint
bantu,kalo,malas,rumah,uang,cash,tinggal,topupmo
best,ever,fast,user,friendly
lumayan
mantap
keren,tampil,mudah,tinggal,tambah,reminder,kpr,pinjol,ceria,bkar,gk,banyak,apps
interface,responsive,dr,bank,belah,cuman,cs,cabangramah,daerah,gempolsewu,kendal
tampil,keren,kini,banget,mudah,pakai
updatekl,hpnya,jadul,milik,rekening,gaptek,gmn,dipikirin,solusi
best,app
aplikasikoneksi,wifi,kadang,transaksi,gagal,bilang,koneksi,hubung,bad
good
mantul
lelet,terkadang,login,terkadang,tampil,menu,login,proses,hang
good
efektif,efisien
good
good,trueee
aplikasi,baik,sekianperban,pakai,tingkat,kualitas,bank,bri
cepat,mudah
stupid,idiotic,paymentkoneksi,putus,lancar
aman
bukasy,uninstall,sooo,bad
aplikasi
good
mudah,transaksi
connection,often,fail,hard,save,transferred,accounts
bantu
kode,otp,nongol
exelent
mohon,maaf,rate,tsb,sy,alami,pakaiguna,trf,cek,saldo,restart,hp,masuk,appcoba,uninstall,n,install,nasabahmbanking,cocok,pakairestart,hp,kemarin,restart,mhon,baik,kes,lengkap,fiturnya
clean,neat,ui,fast,responsive
aplikasi,retas,sistem,sandi,data,asimetri
good,hopefuly,save
nice,one
bagus
bagus,bantu,transaksi,kasi,bintang,beli,peket,data,pulsa,minimal,rb
simple,easily,like
mudah
mobilebaik,ram
koneksi,putus,need,improvement,asap
appbagus,simple,praktis
lihat,mutasi,thn
transaksi,aman,cepat,nyaman
transaksi,aman,lelet,jaring
kalo,pake,jam,siang,lot,parah,kelas,bank,bumn,kapasitas,servernya
bagus,lanjuuut
lancar,aman
sya,coba,install,coba,log,akun,sya,sms,verifikasi,kodesya,log
juarajo
user,friendly
transaksi,cepat,makasih
great
app,getting,suck,two,days,ago,reactivated,account,blocked,days,account,blocked,even,use,transaction,two,days,happened,many,times,know,whether,someone,tried,loginbug
mncoba,kali,mndaftar,tdak,kirim,kode,otpnomor,ponsel,bad
loginkode,otp,bener,biaya,otp,kena,user
gooduser,friendly
nyusahin,nihnyesel,install
good
tampil,gantengumumpindah,aplikasi
payah,benerin,nihbanget,buglogin,transaksi,kerap,kali,tulis,koneksi,putus,silah,coba,jaring,kencang
knp,buka,tabung,stuck,kode,tunggu,kode,otp,kirim,hp,nomor
good,apps
good
bravo
better,uiux
aplikasi,blokir,koneksi,putus,koneksi,ajasampe,jam,jam
booting,restart,ulang,kali,pakai,aplikasi
download,get,free,ice,cream
tingkat
gooduseful
bagus
error,gajelas
excellent
gak,online,paket,data,internet
login,installlogin,bukamuncul,pesan,salah,klik,login,langsungbtw,beda,dgnmobile
tahan,layan
mudah,user,friendly
stabil,koneksi,internet,lancarmobilebuka
keren,banget
install,log,dg,terang,pasword,sesuai,ganti,user,id,temu,verifikasi,email,sms
gampang,banget,pake,ribet
ga,sms,kode,udh,kali,coba,ttp,ga
goodbanking
mantappppsss
love
apptarik
far,bagus,sisi,ux,ui,kini,login,biometrik,transaksi,proses,loadingnya,jaringmas,transisi,menu,smooth,kaya,lag,gitu,kalo,pilih,menu,update,optimalisasi,smooth
bagus
bukamo,layar,kosong
nunggu,sms,otp,cs,twitter,hari,csbeda,suruh,cek,pulsa,jaring,gaada,mslh,dgn,pulsa,jaring,ulang,menit,blm,terima,lode,otp,hp,cs,twitter,kasi,ubah,suruh,coba,ulang,pulsa,atas,ribu,email,gaada,respon,masak,bank,bank
good
excellent
aplikasi,payah,dipake,login,bank,bumn,bikinuseless
nicemudah
see,detil,bank,account,mutation,transferactivity,hope,leak,data,great
aplikasibuka
fisrt,time,triedusefull,thank
mantap,bagus
mantap
praktis
komplit
transaksi,cepat,aman,nyaman,mantap,pokok,nyoba,nihratefull,yaa
forced,closed,taking,picture,id,card
bayar,asuransi,prudentialreset,password,salah,isi,password,ngisi,pulsa,tri,rekening,potong,pulsa,isi,selesai,cs,wtf
yes,mntaap
trouble,login,loading,jaring,internet,normal
skrg,support,android,q,android
transaksi,aman,n,nyaman
aplikasibagus,praktis,mudah
nice
gak,login,cuk,jaring,putus,jaring,bagus
nice,app
mantap
faster,better
kerenn,parahhhh,aplikasiiiiiiii,maju,yaaa,bri
payah,kode,otpkunjung,kirim,kecewa
fitur,lengkap,love
transaksi,cepat
jujur,netisyen,ane,sukalbh,interaktif,easy,use
aplikasi,luncur,respon,server,buruk,ubah,koneksi,hilang,samping,terkadang,kartu,blokir,request,token,sms,kunjung,masuk,uinya,buruk,kapabilitasrendah,nasabah,bank,kalibermajubanking,buruk,pindah,bank
alami,kendala,transaksi,trus,transaksi,install,ulang,transaksi,blank,android,android
bukamo,gambarkosong,buka
gampang,utk,bayar
sdh,bagus,cuman,kurang,fitur,transfer,tdk,pakai,kam,ganda,token,sms,token
mantap,aplikasi
good
mantapssss
manteb,luur
kadang,gagal,login,fingerprint,login,password,user,password,udh,bener,blokir,reset,passwordgitu
easy,user
bestbanking,ever
abis,update,bilang,koneksi,teputus
bantu
nice,app
cepat,nyaman,aman
limit,brizi,tentu,nominal
nice
works,well
nice,application
susah,banget,utk,daftar,buka,rekeningutk,buka,rekening,dlm,isi,salah,input,alamat,masuk,code,pos,tdk,code,posspdhl,alamatcari,naman,kota,skrg,tanggal,lahirsalah,smp,skrg,tdk,buka,rekening
keren,keren
koneksi,putus
good,app
milenial
simple,helpful,useful
good
godd
best,mbanking,app
easy,use
baik
aplikasisampah,connection,lost,dibandinginbank,buruk
briva,error,koneksi,putus,udah,ulang,kala,ttpgitu
good
good
update,utk,android,pie
terimakasih
user,friendly,easy,use
buka,aplilasi,tulis,koneksi,putus,silah,coba,internet,lancar,install,buka
oiii,akun,blokir,pdhl,salah,password,tanggal,oktober,buka,blokir,tgl,oktober,blokir,pdhl,diapain,astaga,sih,kayak,gin,donk,baik,gonta,ganti,password,bikin,lupa,passwordnya
good,aps
user,friendly
update,security,patch,log,ingat,warna,merah,integration,service,request,failed,unhandledmfcode,update,log,update,uninstall
helpful
bagus,skrng,gabisa,login,emang,udhmake,apps,login,pas,verifikasi,otp,kirim,kode,kali,kali,coba
bantu,ribet
banget,koneksi,putus,pake,provider,internetbeda
bgt,apphari,eror,koneksi,putus,sinyal
jos
used,usuallalways,fc,update,wrong
good,app
lupa,username,pilih,retrive
lengkap,drpdmobile
aplikasi,mudah,cust,transaksi
tebaik
good
aplikasi,bagus,bantu
kali,buka,mutasi,kode,eror,kode,ge,prasaan,bagus,update
gampang,aman
rekening,foto,ktpxiaomi,mi
aplikasibuka,udahga
pakai,mudah,mantap,bri
transaksi,cepat,aman,nyaman
serba,cepat,bukacepat,login,pakai,fingerprint,login
good
alami,gagal,bayar,tagih,pasca,bayar,seluler,tulis,gagal,operator,temu,operator,telkomsel,kartu,halo
jalan,samsung,galaxy,error,unfortunately,brimo,stop,working,pls,fix
easy,transaction
app,fasterbanking,apps
verifikasi,smsga,jalan,nungguulang,ulang,kirimdapet,bales,sms,verifikasi,baik,aplikasi
mohon,maaf,keluh,tanggap,komplaincuman,pake,install,uninstall,install,ginefektif,sorry,say,worstbankingever,tried,idk,hp,ajaudah,reviewtanggap,reviewdibales,bingung,knp,bintang
easy,millenials,style
aplikasi,buka,malam
extremely,fast,easy,services,usemobileservices,tailoring,financial,solutions,indefinitely,suggest,keep,tremendous,work,towards,achieving,paramount,outcome,based,overall,performances,profoundly,delightful,best,wishes,mr,harold,wiriadinata,wirawan
good
transaksi,aman,percaya
daftarsusah,tunggu,sms,kode,coba,kali,gabisa,sistem,cepat,usaha,cepat,thx
good,bank,prevent,crowded,better,online
cepat,aman,good,applikasi
kenapaa,ngga,login,jaring,udah,bagus,plus,skrng,kode,verifikasingga,muncul
kali,login,tp,kode,verifikasi,engga,yaa,hmmmm,udah,coba,hasil,ttp
keceeeeeee
aplikasi,eror,error,jaring,kouta,sinyal,bagus
aplikasi,bagus,alasselesai,masalahinternet,bankingsatu,saranmobilebank,pilih,nonaktif,pilih,login,sidik,jari,alas,aman,moga,update,fitur,terima,kasih
easy,use
cool
mudah,cepat
abis,update,gabisa,jalan,pie,suram,bener,dah,pakemobiletokennya,abis,pulsa,min
praktis,manfaat
transaksibanking,baik
good,application,banking
keren,mudah
faster
login,kirim,kode,otp,gagal,koneksi,jaring,internet,baikterima,kasih
bagus,tambah,menu,zakat,infaq
baik
nicebanking,app
aplikasi,manfaat,transaksi,bravo,bri
bantu,mudah,transaksi
good,aps
simple,apps
daftar,kode,otp,terima,ketik,kirimapa,keluar,coba,daftar,email,nomor,handphone,daftar,username,login,daftar,payah
good,apps
mantappp
awsome,apps
aplikasibantu,mudah,guna,transaksi
aman,nyaman
aplikasibagus,banget,moga,pakai,masyarakat
tampil,bagus,tp,koneksi,putus,sinyal,bagus,lbh,dintingkatkan,bs,lbh,cepat
make,easy,bri
aplikasi,mantap,transaksi,mudah
suka,ui,aplikasimodern,minimal,uisegi,ui,tingkat,tarik,mudah,navigasifungsi,coba,fiturnya
excellent
koneksi,putus,pdhlbank,aja
kode,otp,kirim,udah,coba,ulang,kagak,kode,otp,kode,otp,kirimsms
login,hasil,upgrade,status,finansial,uker,dekat,kode,le
simple,gk,ribet,token,klo,mw,transaksi
fitur,recurring,transfers
good
good,aplication
mantap,mantap
get,blocked,please,make,work,better,comfort
nice
update,kemarin,sistem,masuk,ribet,masukin,username,password,skrg,email,kode,verifikasi,lg,sms,ribet,utk,sistem,login,hp,pribadi,username,passwordudah
good
suka,block,alas,recovery,lupa,password,suka,putus,jaring,sistem,kode,otp,invalid,bikin,habis,pulsa
gagal,system,hp,mati,restart,install,ulang,clear,data,clear,cache,fitur,lengkap,brion,brizzi,dar,janji
lancar,nice,respon
uibagus,simple,mudah,transaksi,history,transaksi
kadang,lancar,kadangpakai
works,well,fast,need,tokens,transaction,nice,interface,compared,web,version,ib,easy,understandable,directory
pakai,negeriga,bikin,orang,bingung
good,app
mantap,baik,dah
brimo,emang,canggih,cepat,mudah,transaksi
star,hardwork,sayang,gk,menu,transfer,pakai,skn,orang,biar,murah,biaya,tranfer,bank,lokal,mobileyg
good
best,mohon,update,ios
future,lengkap
jam,pagi,sampe,jam,pagitransaksi,parah,emangpindah,bankpusing
transaksi,aman,nyaman
koneksi,teputus,silah,coba,bukamasalah
diinstal,tpi,kalo,setelhinstall,ulang,terus,paksa,instal,uninstall,instal,uninstal
registrasi,dalam,maaf,nihdesain,tampilbagus
good,app
displaykalahshopping,online,indonesia
lotlengkapmobilebank,bagusbri,mobilebrimo,ehsupport,android,mending,pake,mandiriah
mudah,nasabah,transaksi,uang
security,apps,harap,baik,mudah,login,dgn,fingerprint,krn,bahaya,rekening,customer,setting,aplikasinonaktif,fingerprint,customer,login,dgn,password,fingerprint,fingerprint,harap,ajar,drbanking,bank,belah,aman,ubah,bintang,udh,securityaplikasimobile,aman,drpd,brimo
transaksi,aman,nyaman
slowest,one,planet
pas,buka,rekening,isi,data,utama,br,step,gk,bs,transaction,timeout
daftar,tinggal,suruh,masuk,kode,otp,pdahal,hp,dah,bener,tpkirim,kirim,kode,otp,gmana,donk
mobilebaik,always
blokir,mesti,reset,lupa,paswot,nyusahin,klo,darurat
internet,bilang,koneksi,putus,udah,kali,kali,kena,bank,softwarenya,standar
easy,use
mantabs,gan,selang,maju
fitur
useful
mudah,transaksi
bagus,normal,tp,stelah,update,jd,login,kena,blokir,cb,reset,password,pake,menu,lupa,password,jg,bs,tgl,lahir,cocok,tgl,lahir,ko,bs,cocok,aja
login,username,password,pasu,kode,otp,masuk,login,data
soooo,goood
ganti,password,kali,kali,password,masuk,pasti,catat,kali,kali,suruh,ganti,password,mohon,updatemudah,log,terima,kasih
mantap
aplikasi,bank,lawak,ganggu,mulu,hidup,kaya,ngga,niat,bumn,nyesel
error
thanks,olivia,brimo,bri
aplikasibagus,kini,banget,user,interfacesarancoba,tambah,atur,ukur,font,settingnya
diupdate,error,stuck,splash,screen,logo,bri
great
alami,koneksi,jaring,putus,akses,internet,lancar
baguss,kembang
mudah,cepat
josssssss
stupidcant,login,many,times,due,internet,connection,meanwhile,browsing,youtube,signal,plus,old,version,much,better
jelek,bgt,bukasuruh,login,ulang
ganggu,jaring,trouble,transaksi,hambat
aplikasi,mudah,nsb,lsg,bank
great
brimo,bantu,transaksi,hari
mantabbb
alhamdulillah,bumn,dkrang,aplikadinya,keren
bagus
coba,kali,tetep,stuck,engga,jalan,mohon,dilounching,serius,qckecewa,usaha,mudah,prosed,buat,rekening,dunia,digital,bikin,rekening,klooffline,antri,pandemi,ayo,serius,bik,applikasinya
login
gadapet,sms,tokenpulsa,ada,kalo,apps,masuk
baik
banget,koneksi,putus,pas,uang,jaring,persis,kek,gitu,kecewa
log,tpmulu,sampe,kesel
fast,transaction
good
great
mudah,praktis,lengkap,fitur,deposito,online,beli,sbn,bayar,pnbp
good,aps
periii,guuuud
mudah,transaksi,kadang,loding,nya
excelent
good
great
please,repair,login,using,biometric,cant,register,biometric,login
easy,registaccount,nice,applikasi
good
banget,force,closegilir,dipake,logout
easy,use
koneksi,putus,urgent,banget
sip
saat,warning,koneksi,putus,silah,coba,koneksi,lancar,bilang,putus
mudah,aman
aplikasikeren
registrasi,kode,masuk,nomor,hp,asus,android,indosat
easy,use,great
always,log,signal,soo,hate,application,baikdatagagal,trs,login,wifi,ngga,beres
cant,login,close
good,apps
keren
user,friendly,andal
koneksi,putus,jaring,ga
error,terusssss,transaksibisaaa,bayar,pake,brivaerror,uda,error,kirim,notifikasi,sms,hp,kena,pulsa,transaksi,gagal,pulsa,embat,nice,job,bri
niceuseful,maketransactions,easier,gokil,abis,keep,good,work,bri
fitur
menu,bayar,pajak,min
aplikasi,simple,praktis,thanks
error,kali,login,susah,banget,pagi,siang,malem,error,kadang,sampe,besok,jg,repot,banget,kali,transaksi,pake,bri
jaring,bagus,pas,tf,cek,jaring,putus,error,urus,cancel,gegara,lambat,fix,please
tooooppppppppp
kode,otp,kirim,kali,request
good
cant,login
kena,aplikasibagus,versi,banget,lost,conecting,internet,bagus,baik
update,versi,baru,update,gabisa,buka,crash,hape,emg,aplikasi
apps,ringan,cepat,mohon,tambah,fiturnya,top,saldo,shoppee,bayar,didik,terimakasih
servertingkat,suka,eror,putus
cannot,login,error,code
transaksi,transfer,rekening,bank,limit
knp,sihbrimo,error,dr,td,coba,g,bskuota,byk,signal,penuh,muakmudah,sulit,orang,udh,x,hapus,download,g,bs,jgbankingnya
good,apps
nice,app
mantappppp
easy
bagus,bantu,transaksi,online
akun,blokir,dg,salah,masuk,password,atas,dg,forget,password,kurang,pulsa,sms,masuktoken,rugi,nasabah,mohon,bantu
aplikasi,error,mulu,update,login,susah,fitur,fingerprint,biometrichilang
mantap
bangetngerti
keren,pake,banget,plus,harap,keamananny,hrs,jaga
gagal,daftar,proses,konfirmasi,kode,otp,makan,masuk,proses,menu,input,otp,diinput,kode,otp,baru,hasil,menu,input,otp,uninstal,daftar,menu,isi,data,gagal,koneksi,putus,mohon,baik,update,hasil,daftar,data,seluler,konfirmasi,otp,terima,kasih,bantu
transaksi,cepat
simpan,tanda,bukti,transfer,simpan,galeri,baik,email,tanda,transfer,bingung,kirim,tanda,bukti
muas,ckup,ringan,cepat
mantab,fleksibel
salah,password,langsung,blok,heran,bilang,salah,password,counter,coba,hasil,akumulasi,cs,perhati
pakaikoneksi,putus
transaksi,cepat
jelek,verifikasi,jarang,masuk,chat,admin,ketemu,solusi,telfon,kena,bot
good,app
bagus
runs,smooth
upgrade,bsa,isi,brizzi,menu,brizzi,klik,respon
mudah
good,initiative,still,lot,place,improve,catch,banks
graphic,interface,bagus
mohon,baik,jaring,kartu,xl,ngadataja,cmabrimo,bagus,jringan,xl,kalo,kartu,aman
nice
gak,far
aduuuh,bugnya,min,baik,loadingnya,menu,transfer,jgpraktis,kali,klik,tuju,loading,nunggu,rek,simpan,muncul
love
kode,verifikasi,smslogin,internetbrowser,pakementok,kode,verifikasi
compatible,android
nice,easy,use
cepat,aman
good
baik
nice
nyesel,deh,update,habis,update,crash,ngga,buka
jos,bri
smart,appbagus,utk,milenial
ngadat,niskrangbuka
simple,spaping,fingers,secure
responlelet,pencet,tombol,apa,responnya,test,pakai,hp,samsung,note,fe
aplikasi,pakai,bilang,koneksi,putus,sinyal,full,transaksi,pake,apps,internetbank
bugambil,foto,ktp,daftar,britama,x,baik,klo,fix,ganti,bingang
good
nice
mantap
cool
good
cepat,aman
perfect
topup,brizzi,aman,dn,cepat
baik
banget,blokir,password,masukin,password,nya
ngerasain,pakembankinglg,stelah,ski,males,install,krnamuluk
mudah,keren,tampil
data,akun,temu,transfer,edit,chat,tanggap,read
kadang,lot
mobilebaik
beeeesssttt
cepat,aman,fiturnya
bagus,simple,bukti,bayar,simpan,sedia,menu,tambahmobile,riwayat,transaksi,butuh,riwayat,transaksi,ambil,mudah
brimo,asheeek,mudah,transaksi
easy,usereally,usefull
aplikasidipakek,cacat,error
aplikasi,berat,lot
brimo
mudah,easy,use
mudah,cepat,aman
mantap
mudah,transaksi,simpel,mewah
buka,koneksi,putus
mantaapppp,lahhh
nicebantu,mutasi,rekening
nice,app
permisi,rekening,tau,registrasidaftar,logout,downloadbrimo,sesuai,anjur,costumer,service,bank,loginbrimo,tulis,login,hasil,upgrade,status,finansial,uker,dekat,gimana
aplikasidipake,jam,error,trus,niat,kasih,servissih
mantap,daaah
love
jelek,pas,updated,knp,trs,log,lg,hrs,ketik,user,name,sm,passwaord,lg,brimosblmnya,gk,begtu,eefisien,wkt,yrs,log,lg,cuman,pake,fingerprints,selesai,lngsung,logsekrang,kebalikanya
almost,good,tinggal,bintang,update,tingkat,privacy,policy,screenshot,apps,intuitif,ui,simplegreat,work
transaksi,aman,nyamaaaaaannnn
brimobest
trx,mudah,cepat
terang,username,login,pakai,username
far,good,sometimeserror,process,transaction
awesome
aplikasibuka,koneksi
completely,simple,easy,use,keep
lumayan,suka,ebangking,bri
mobilbaik
giood
ribet,euy,install,n,daftarhasil,login,sampe,didiemin,jd,lupa,password,telp,call,center,mo,reset,passworddateng,dateng,cs,gesek,kartu,hadeuh,blm,ready,nih,aplikasi
mudahbribingung,simpan,rincian,mutasi,pdf,simpan,nyari,myfile,gak
nice,app
tampil,keren,jadul
mobilebaik
sms,otp,lamaaaaaaa,menit,keburu,sabar,habis,hasil,verifikasi,email,coba,gagal,send,gagal,mundur,layar,masuk,alhamdulillah,email,terima,buka,rek,tab,britamax,habis,foto,ktp,langsung,auto,exit,coba,putus,asa,niat,coba,besok,hasil,inshaa,allah
apk,kece,anak,milenial
usefull
easy,transaction
bad,baik,maintainance,diberitahu
ganti,handphonebrimodiinstal,handphone,login
crash,crash,crash,failed,connect
cakep,bangetttt
sebelsaia,simpedes,ajadapet,poin,kalopakai,mogin
bestbanking,apps
appnya,ringan,mudah
guna
good,app
good,enough
excellent,apps
good
interfaceenak,mudah
helpfull,aplication
mantulll
lelet,jaring,putus
transaksi,cepat,repot
easy,use,fast,enough
fiturnya,secompactmobile,briva,brizzi,transfer,mutasimoga,depangantibrifiturnya,btwaplikasi,pakai,tombol,back
transferring,briva,log,account,please,fix
real,time,user,friendly
good,best,best
tambahkankan,layan,mis,gadai
fitur,lengkap
maafndak,stabilsinyal,bagus,muncul,notif,koneksi,gagal
brimo,oke,mudah
good
bgmn,deh,hari,g,bs,pakai,brimo,koneksi,putus,pdhl,lg,butuh,bgt,utk,laku,transaksi,bayar
slow,response,n,time
good,application
perangkat,root,bca,aja
woiii,fasilitas,internetlaku,pelihara,sms,token,muncul,hari,tu,laku,pelihara
nice
mantaaap,suka,suka
mantap
crashed
tulisnyaman,baca,dibesarin,dikit,font,nya
mantaapppp
good,app
aplikasi,log,beres,log,langsung,muncul,brimob,stopped
kacau,nih,aplikasi
good
aplikasi,pakai
lupa,password,masuk
transaksi,cepat
baik
susah,login,boss,koneksi,putus,jaring,udah,perbaikin,donk,jd,susah,transaksi
bagus,banget,pakai,internettransaksi,mudah,praktis,aja
lumayan,mudah,pakai
aplikasibanking,kecewa,performancenya,saing,saing,shame
good
easy,use,complicated
good
aplikasi,ibanking,baik,tinggal,tmbah,fitur,brizzi,sm,qr,udah,perfect
otp,gabisa,masuk
use,promo,voucher
simple
login,brimo,verification,codekirim,tunggu,menit,bantu,selesai,terimakasih
good,aplication
app,bantu,bayar,tranfer,bantu,kait,transaksi,online,moga,kurangdaftar,mutasi,ketuk,rincian
transaksi,cepat
great,app
fitur,buka,rekening,upload,dokumenbaik
good,apps
mudah,fitur,lengkap
baikkkkk
good
lengkap,versi,cepat,pindah,menu
update,des,masuk,laman,login,tampil,nyangkut,logo,bankdevice,android
sukaautentikasi,bimoterik,aplikasirawan,akun,blokir,salah,password
juosss
goooddddd
diupdate,errorbuka
bantu,mudah,penggunaanya
pakai,kartu,halo,paket,sms,kali,daftar,request,verification,code,sms,gagal,alas,pulsa,cukup
good
bagus
bantu
amazing,apps,like
bagus
blokir,mulu,bgsd
nice
bagus
best
gak,login,koneksi,putus,koneksi,bagus
apliaksi,error,buka,tab,susah,tenryata,buka,tetep,hrus,cabang,wfh,tetep,suruh,k,cabang
instal,ulang,login,aneh,bgt
aplikasi,knp,yah,gk,masuk,apl,berhbti,jd,kali,pakai,hrus,download,ulng,lg,blm,update
keren
daftarsusah,nunggu,smsmasuk,masuk
brimo,transaksi,cepat,negri
mudah,mana
aplikasi,nyaman,bukasusah,ampun,keteranganya,jaring,putus,minggu,download,buka,kali,baik
bantu
gw,nikmat,brimooooooo,mantapp
sms,verifikasi,kirim,coba
baik,terkadang,koneksi,putus,koneksi
useful
keren,bagus,pokok,e
aplikasi,error,login
mantul
transaksi,cepat,suka,banget
gak,daftar,sms,kode,otp,gk,fakkkkk,nomor,aktifffftpisms,masukkkk
butuh,internet,kenceng,internet,nasa,login,doang
awesome
ga,pakai,ribet
mantap
good,experience,user,friendly
guna,brimo,hputkmasalah,semenjak,ganti,hp,hp,rusak,gagal,utk,bukabrimo,buka,uninstall,install,ulang,tp,transaksi,notedate
aplikasi,emang,jangkau,indonesiatransaksi,sayang,mohon,bantuannua
terimakasih,mudah
layan,putus,koneksi,sayangbri
thank,brimotransaksi,mudah
gk,rek,ambil,doto,ktp,apkcrash
aplikasi,buka,forced,close
mudah,transaksi
simple,bantu,lupa,bawa,kartu,atm
mobilebaik
aplikasi,henti,buka
hebat
aplikasi,bantu,urus,finansial,terima,kasih
mudah,banget,guna,akses
bagus,banget,nih
nice,application,easy,use
awesome,update,login,existingmobile,account
cool,mudah,transaksi,dgn,brimo
fitur,lengkap,genggam
good
mudah,transaksi
apps,tell,connection,lost,even,signal,available,huft
good
kece
good
fast
tampil,dh,bagus,proses,cepat,praktis,gampang,tinggal,diupgrade
nice,apps
aplikasi,manfaat
update,review,allhamdulilah,updategk,force,close
terimakasih
everything,easy,easy,everything
mantab
transaksimudah,cepat,suka
stabel,drisblmnya,lenih,user,ftiendly
brimo,transakai,reinstall,pakai
good
good
good
hari,kali,ganti,passwordsalah,input,tetepblokir,abis,ganti,blokir,gitucovid,kelar
mantap
good,best
muncul,notifikasicrash,laur,aplikasi
mobilebaik
muasjelek,jelek
keren,finallymbankingmodal,kuotasms,thank
koneksi,putus
transfer,langsung,masuk,bank,minggu
kode,verifikasinnti,cepat,lg
mantap,jaya
good,bangeeet
aplikasi,buka,jalan,tulis,bank,brilangsung,tutup
aplikasi,taktis,korban,tampilfitur,lengkap,sederhana
aplikasibagus,praktis,log,pakai,finger,print
joosssssssssssssss
mobilefitur,lengkap
manta
matur,suwun
gagal,utk,rek,pas,foto,ktp,langsung,close,error,mohon,update,utk,fix,bug
transaksi,cepat
transaksi,cepat,mudah
simple
nyaman,aman
lupa,username,coba,langkah,ganti,password,kalo,solusi,bank,wasting,time,uninstall
nice,app
enak,mata,pakenya,praktis,oke,nih,hari,fitur,brizi,pending
good
nice
koneksi,putus,koneksi,lancar,gitu,aja
rekues,debit,terang,stok,unit,kerja,tdk,sedia,udh,hub,cs,solusi
mantul,aplikasi
rekening,britamax,connect,akun,brimo,daftar,rekening,brimo,otomatis,hp,email,rekening,britamax,brimo
good
aplikasi,mudah,pakai,utk,transaksibank
best,fitur,lengkap,mudah
good
simpel,cepat,nyaman
kode,otp
greattt
one,best,mbanking,apps,market,today
good
aplikasi,ntapzzz
greateasy,use
bedamobile,brisatu,pake,satu,trus,kalo,mw,pindah,pake,brimo,gmn,bank,aktivasi
satisfied,application
jd,jelek,bgt,transaksi,failed,kmrn,bayar,bpjs,failed,jg,tp,tarik,kalirefund,kecewa
mobil,bankingbaik,dgn,tampiltarik,fiturlengkap,mudah
nice,practice,aplication
user,friendly
top,gopay,gak
terbaikkk
bintang,masukin,otp,salah,mulu,bener,aneh
susah,login
bagus
awesome
excellent
good
mantab
good
good
baik
update,versi,barubuka,muncul,pesan,unfortunately,brimo,stopped,link,downgrade,versi,star,update,update,baruterima,kasih,timbaik
nice
bintang,banget,error,bantu,tambah,fitur,trims
mudah,transaksi
enjoy,brimo
versi,light,drmobile
susah,log,eror,mulu,sinyal,bagus,logbanking,bankad,ruang,imorovement
aplikasi,bantu,masalah,masukin,password,blokir,repot,cabang,ratingnya,ganti,pelayananan,telegram,bantu
usernameudah,daftar,gak
far,trouble
transaksi,cepat
update,ngga,login,udah,minggu,ngga,login
good
bri,juara,p
muas
klik,pastiada,delay,lebih
baik
foto,ktp,daftar,rekeninglangsung,crash,mohon,baik,fitur,buka,rekening,online,fitur,nilai,jualsayang,mesti
good,job
mantuul
gak,konelsi,putus
user,interface,tarik,fitur,mudah,akses,thank
simple,n,easy,good,job
bantu,bayar,terimakasih,bri
user,name,suka,blokir,kayakbaik,sistem
fitur,lengkap
keren
good
enough
simple,cepat
good,app
kacau
koneksi,putus
good
greatt
always,lost,connection
koneksi,putus,tunggu,transfer,bank
puas,applikasi,mogakait,dg,jamin,aman,transaksi
sesuai,harap
otp,kirim,kirim
bantu
mantul
baik,mudah,cepat,aman,nyaman
ganggu
good
awesome
ngga,ribet,baik
bantu
mudah,transaksi,cepat,nyaman
bestmobile
aplikasi,macet,pdhl,desak,laku,transaksi,payah
nice,app
tampil,cool,isi,keren,proses,cepat
yosh,easy,milienial
top
utk,servernya,benah,sinyal,bagus,koneksi,putus,melulu,salah
kode,verifikasi,kirim,nomor,hp
good,aplikasi
lbh,lg,tambah,notif,login,sblm,user,blokir
good
best,pokona,mah
pakai,kali,instalmasuk,muncul,error,salah,sistem,coba,mohon,baik
baik,crash,nya
bantuantri,k,atm,bank
best,briquick,payment
login,check,brizzi,updated,ganggu,pemberitahuan,lbh,cepat,ketimbang,ibanking,mudah,login,fingerprint,notif,ganggu,tau,error,login,info,maintenance,system,whatsapp,sms,setting,sesuai,mau,guna,whatsapp,biaya,tambah,total,transaksi,debit,kredit,mutasi,ibanking,total,nominal
bestmaah
bayar,briva,gabisa,connection,lost,pdhl,pake,wifi,transaksi,bankbenah,krn,butuh,urgent,trims
tdk,bs,login,dgn,normalbuka,playstore,login,kali,pakai,cr,playstore
bingung,fitur,tranfer,bankcari,cari,gak
aplikasijelek,susah,login,apa,banget,problem,pakai,karna,butuh,bagus,kualitas
baik,baik,alami,login,saldo,transaksi,terlogout,aplikasi
best
bestbanking,app
thanks,udah
aplikasi,bagus,tp,mesin,deposit,offline,setor,mohon,baik,terima,kasih
bantu,thanks
good,aplication
tau,blokir,masuk,pake,biometrik
da,best
kadang,buka,gagal,minggu,buka,pesan,koneksi,server,masalah,buka,pesan,koneksi,putus,kait,roaming,korea,selatan,iya,kadang,jarang,gagal,cek,jaring,ting,hasil,gagalbri,user,friendly,drpdbri,mobile
goodd
even,login,account,stuckedlogo,uninstalled,installed,worked,please,fix
bantu,tpsulit,buka
cepat,transaksi
dunia,genggam,tangan
mudah,simpel,banget,koneksi,internet,kuat
puas,pakenya
update,brimo,jdbuka,buka,trs,tutup,lg,knp,sy,lg,butuh,bgt
mantaaap
bug,saldolama,transaksi
like
save,comfortable
aplikasi,payah,banget,dlm,minggu,akun,blokir,brp,kali,cobangerti,mau,aplikasi
smart
good,exp,apps
x,blokir,maksud,pakai,bangking,utk,mudah,transaksi,tp,kacau,bank,utk,baik
niceeasy,use,helpful
mudah
mantap,aplikasi
banget,buka,kalo,updatediupdate,sinyal,jg,full
good
okem
udah
working
ga,login,sms,verifikasikirim,hp,udh,direstart,tetepkali,kali,gmn
mantap
keren
guna,transaksibrimo,bikin,mudah,bikin,emosi,transaksi,alas,koneksi,error,mulu,asa,make,transaksibank,mudah,please,review,brimo,developers,immediately,resolve,issues,like,disappoint,customers,trustedbri,unsatisfactory,mbanking,services
suka,mutasi,rekeningny,detil,bwt,top,aj,bs,dtulis,deskripsi
bumn,bank,dg,profit,besar,tpi,sistem,perban,eror
baik
greatbanking
suka,lot
transaksi,cepat
bantu,trimakasih,brimo
difficult,access,app
mantab
nyaman
kalo,bintang,minus,kasih,brimo,minus,bintang,isi,user,name,password,uda,bilang,salah,blokir,halooooooooo,ura,ratus,kali,hapalnomor,duniaberesbankdr,masuk,user,name,password,langsung,blokir,maksud,untung,akunnumpang,doang,kalo,isitabung,smua,bahaya,kalo,aplikasigampang,error,super,nakutin
aplikasi,seringkali,henti,clear,data,cache,pakai,mohon,baik
mobileburuk,userid,blokir,pdhal,pakai,fingerprint,suruh,ganti,password,password,tdk,bs,dgngw,udh,blokir,n,ganti,password,password,brimo,gwgw,afal,buruk
brimoaplikasiribet,mudah,transaksi
fitur,lengkap,transaksi,cepat
bagus
goodbantu,ribet
jossssss,tp,rekengq,kosong
sekian,kali,akun,blokir,alas,reset,password
aplikasi,crash,buka,halaman,promo
excellent,apps
like
error,bank,bumn,tp,fasilitas,online,payah
aplikasi,mudah,transaksi
aplikasi,fitur,lengkap
mudah,thx,kembang
susah,banget,daftar,kode,otp,kirim,kirim,sms,tuju,ingat,jaring,sedia,sinyalpenuh,lancar
great
greatbanking
buka,appnya,koneksi,putus,silah,coba,lagu,apa,baik,dewahormat
mantapp
aplikasi,bagus,guna,transaksi,jarak
lumayan
fitur,trx,lengkap
ping,secondblocked,user,id,make,gondok
mobilebaik
good,ui,user,friendly,easy,use,transaksi
error,bolak,user,id,blokir,krg,puas,dgn,plyanan,ditlp
sangan,aman,nyaman
tarik,tunai,uang,tel,kecewa,udah,lapor,follow,kecewa
butuh,susah,gmn,mw,nyaman,pakehp,udh,restart,udhtrbaru,aplikasi
optimalmobilebaik,kerja,sistem,aplikasi
sekian,kali,kali,login,user,langsung,blokir,user,sm,password,salah,suruh,pilih,lupa,password,arah,ganti,password,ganti,login,langgan,kl,buka,blokir,harus,kantor,bank,mohon,perhati,trimakasih
always,error
aplikasi,bri
nice
mantab
transaksi,brimo,mudah,lancar,terima,kasih,brimo
keren,pokokmantapp
terbaiiikkk,terima,kasih,bri
lot,error,minggu
mudah
oke,banget
good
mantab,alternatif,dr,internetbriblm,bs,utk,android
best
nice
great,app
tingkat,servicedesign,nya
fitur,buat,deposito,virtual,milik,bank,mandiri
mudah
fitur,lengkap
always,forced,close,connection,error,please,fix,soon,possible
okeeeeeeeeeeeeeeeeeeeeeeeeeeeeeeeeeeeeeeeeeeeeeee
please,upgradedownload,month,almost,times,trouble,hope,better,thank
goodbetter,vry,easy,use,thx
aplikasi,sampah,satelit,kalo,login,eror
ganggu,pakai,pakai,hape,samsung,versi,os,android,kali,apps,brimo,buka,layar,freeze,screenlayar,putih,loading,screen,username,password,benah,ganggu,aktivitas,mbanking
imbang,bank,swasta,fasilitas,free,transfer,rek,bank,free,tarik,tunai,atm,bank,pindah,danamaju,bank,bumn,bri
cepat,nyaman
error
user,interfacebagus
aplikasi,alami,force,close,kali,foto,id,dokumen,buka,rekening,hapus,cache,hapus,data,sesuai,arah,helpdesk,still
lancar,jaya
great,app
easy,efficient,effective
goed
usefulnice
nice,aplication
good,ringan
amankalo,update
eror,ganggu,kali,pas,butuh,banget,transfer,duit,sistem,offline
oke
g,muterrrrrrrr,teruussssssss,koneksi,lancarntar,session,habis,login,muterrrrr,benerin
mantul
ui,good,many,errors,please,fix
good
mantap
mantap
mudah,nyaman,time
ntabh
mantap
transaksi,cepat
good,apps
try,register,send,otp,code,tried,many,times,even,change,phone,number,otp,never,sent
sukabrimo,apalahgi,pakai,sistem,ui,terkadang,pekan,kadang,buka,susah,uninstall,normal,lg
stabil,fiturnya,mudah,suka
aplikasi,loading,payaaahhh
good
mantulllll
stuck,logomesti,clear,recent,apps
ntapz
greatuser,friendly,tampil,milenial
bantu,alhamdulilah
fitur,lengkap
good
mantap
lelet,lot
info,saldoload,hmmm
good,mudah
aplikasilengkap,tampil,bagus,drpdmobile,banking
mantap,easy,use
nice,apps,nice,features
nyaman,transaksi,cepat
ringan,responsif,mantap,sayang,fitur,bayar,dplk
good
nyaman,senang,brimo,brimoerror,reinstall,biar,mohon,bantu,biar,gk,error,gitu,makasih
recomended
nyaman
beda,brimo,vs,ibcssuruh,downloadnya,versiasli
ebankinggk,login,udah,ganti,passwordgk,buka,blokir
good
forceclosebuka
keren
koneksi,putus,mudah,temumasuk,tdk,hasil
siipp
user,interfacebagus
tanggal,november,jam,pagi,siang,brimo,error,gagal,login,kali,sistem,baik,transfer,briva,koneksi,internet,lancar,kencang,aksesgoogling,lancar,brimo,akses,jam,yg
mantap
aplikasi,buka,instal,masukeror,kali,instal,mohon,baik,tulis,gagal,sistem,hp,asus,zenfone,android,oreo,versi,android,go
fitur,lengkap,mudah,penggunaanya
siiipp
transaksi,cepat
feel,glad,app
excellent
cepat
good
good
thinkimprove,brimo,ui,ux,make,displacement,one,menu,smoother
good,app
tdk,bs,registrasi,user,apps
suka,bug,transaksi,gagal,saldo,potong,cs,refund
apps,suck,many,times,password,blokir,every,time,try,login,hard,reset,password
baik
bagus,bgtbeda,bank
good,app
complain,works,well
udah,gabisa,dipake,mohon,baik
oke,drpdsayang,suka,putus,koneksi
daftar,rek,pas,foto,ktpnya,langsung,eror
tambah,fitur,top,e,money
simple,fungsional
maaf,bintang,instal,uninstal,kali,kalistop,working,baik
pertamax
qplikasi,lambat,error,transaksi,akibat,transfer,transaksi,kecewa,rugi,segi,data
gunakecewa,layanbanking,sungguh,muasnama,hadir,developer,handal
mohon,serverbaik,seringkali,aplikasisentuh,server,koneksi,gagal,seringkali,transaksi,terangcobalagi,koneksi,gagal,sambung,account,sy,sdh,kurang,danasaat,sy,bukaharikoneksi,dg,server,rugi
nice,apps,use
simple,works
awesome,thx
mobilelengkap,menu,user,friendly
error,helpfull
transfer,selesai,isi,rekening,pilih,nama,bank,muncul,ingat,rekening,temu
good
aplikasi,bagus,banget,manfaat,bantu,terima,kasih,brimo
aplikasi,mantap,user,friendlyforce,close,hp,xiaomi,hp,asus,lancar,hp
gak,nyewa,nih,anak,smk,magang,dijadiin
user,friendly
password,salah,blokir,masukin,passwordnya,kali,ganti,password,kalialas,blokir
transaksi,ceoat,fiturnya,lengkap
ruwet
simple
best
fitur,lumayan,lengkap,tambah,privacy,kuncibrimo,nya
updatebrimo,susah,log,transaksi,normal,mohon,baik,coba,cstelegram,tanggap,kirim,nomertautbrimo,minta,kode,masuk,telegram,jelas,minta,user,password,akun,brimo
bestbanking
best,app
fitur,fingerprintnya,praktis
bagus,lewat,bagi,struk,transaksi,menu,print,ulang
good,app
terima,kode,otp,sms,iyalog,donk,baik,layan,kecewa,berat
transaksi,best
good,application
odading,manganjing,banget,susah,login,disconnect
makas,brimo,mudah,transaksi
aplikasi,baru,updatenya,mantap
tampil,keren,mudah
brimoupdate,crash,min
make,easier,spend,money
mobilepraktis,mudah,transaksi,non,tunai
kasih,bintangkadang,ganggu,koneksi,data,wifi,lancar
transaksi,cepat,wakk
bukti,transfer,tulis,hasil,sumber,dana,kasih,nama,nomor,rekening,doang
praktis,transaksi,cepat,mudah,urus,perban,mantap,jiwaa
fast
lumayan,mudah,belah,lumayan
mudah,operasi
manteppp
mantapll
helpful,apps
bantu,sekalu
kereeeem
ragu,aman,aplikasibantu,banget,sih
bagus,lot
terkadangmenu,utama,lot
buka,buku,tabung,pass,mw,foto,ktp,lansung,force,close
update,akun,blokir,mohon,tesrilis,update,aplikasi
buka,rekening,pas,foto,ktpel,apps,langsung,force,close,hp,xiamon,mi,lite,os,android
suka,banget,mudah
ga,koneksi,putus,transaksi,pdahal,sinyal,full
mantul,gan
easy,use,app
keren,transaksi,mudah,thanks,brimo,bri
transaksi,cepat,lengkap
transaksi,mudah,cepat
kali,langsung,tampil,font,utk,orgsdh,umur
best,app
close
thank
nyaman,dam,mudah,pakai
transaksi,cepat
hp,daftar,aktif,pulsa,sinyal,bagus,kode,otp,gamasuk,masuk,gimana
aplikasi,mudah,user,friendly,cuman,minuslayan,kadang,alami,ganggu,sabtu,minggu
mudah
poor,performance,force,closed,unexpectedly
app,existing,bank,accountopened,physical,branch,thoughtappaccountwants,open,new,account,allow,enter,existing,account,infounclear,find,seemsnew,accounts,compatiblemanyappsstore,one,pick,right,one
good,app
good
mobilebaik,ram,fitur,lengkap
good
usefull
aja,kayabribeda
update,login,verifikasi,sms,tp,smstunggu,menit,baik,brimo,transaksi,update,user,masalahbaik,lancar,terimakasih,payah,payah,balas,rating
transaksi,brimo,lumayan,cepat,log,fingerprint,sensor,fiturnya,minim,banding,brilink,brilinkresponsive,fingerprint,sensor,masukin,username,password,log
parah,ah,susah,logmobile,bank,aja
reset,password,blokir,pindah,bankbyetani
application,nice
mudah,transaksi,apa,cepat,aman
pls,fast
nice,app
nice,apps
tampil,home,screen,colorfull
aplikasi,bagus,milenial
bagus,appsemangat,kembang
helpful,keep,good,work,bri
login,pake,sidik,jari,user,id,blokir,ribet,dateng,kantor,brigmn,aktivin,lg,kantor
develop
menu,cetak,struk,bukti,transaksi,terimakasih
puas,aplikasi
login,says,user,pakai,loginngga
errorconnecttransferparah,bilang,passwors,n,username,salah,masuk,apps
aman,nyaman
loading,parah,pake,wifi,pake,simcard,aja
abis,update,buka,tampil,coklatlangsung,home,xiaomi,mending,gan
lumayan
instal,lancar,instal,hahaha,kirain,wajib,nunggu,mtoken,ngabisin,pulsa,data,kartu,sim,top,deh,bayar,pakai,qr,tarik,tunai,nyoba,sih,menu,saran,mohon,muncul,verifikasi,pin,transaksi,benteng,lapis,password,login,password,bobol,habis,tahan
bri,mantab
good
goodbanking
good,aplication
nyaman
bukabri,mobilebrimo,koneksi,putus,koneksi,stabil
useful,helpful
good
uselessmenu,buka,tabung,kalo,cs,isi,data,ujung,cs,bilang,buka,tabung,sesuai,domisili,camat,kalo,blum,dgn,teknologibelagudeh,baik,internal,banyak,tenaga,teller,customer,servicenya,orangjaring,trus,klo,perbanbuka,weekend,layan,perlu,perban,nasabah,liat,domisili
ganggu,ganggu,jumat,malam,sabtu,minggu,sistem,libur,belanja,susah
updateaplikasibuka,alas,jaring,sy,coba,jaring,streaming,lancar
disappointing,give,star,actuallydeserves,zero,always,connection,lost,everytime,want,log,shame,please,fix,need,lot,transactions
tampil,bagus,sayangbuka,tulis,maaf,salah,sistem,baik
terbaiiklah,mudah,dlm,transaksi,kerenn
tdk,login,diinstal,ulang
dearmasukuninstall,dl,install,login,pesan,eror,error,initializer,successinitcallback,errorcode,blablaaaaaa,mohon,baik,bug,tsb
terima,kasih,bykdgnsy,mudah,transaksi,online,negara
good
kecee,nigampang,bgt,dipakeribet
nice
ganggu
nice,app
kereeeeen,bgt,tetep,inovasiiii,semangaaat,brimo
aplikasi,untk,pakai,login,user,pakai,kode,baik
crash,butuh,mohon,sempurna,tks
bantu
aplikasi,bagus,walaupn,fitur,bayar,cicil,error,koneksi,putus
transaksi,cepat
excellent
aplikasi,buka,rekening,langsung,close,ambil,gambar,ktp
best
mantap
yuhuuu
user,friendly
cepat,aman,nuaman
mantul,baik
far,good
brimo,manfaat,bantu,well,done,bri
good
dah,ngak,masuk
aplikasi,oke,pakenya,mudah,cepat
bukti,transaksi,gagal,simpan,deskripsi,transferdikit,banget,karakter,tinggal,banding,kompetitor
best
assikkkk
brimo,versi,baru,smartphone,android,versi,baru,android,pie,update,versi,buka,bukalangsung,force,close,alami,mohon,tanggap,appmasalah,baik,karnabutuh,terimakasih
mobilebaik
apik
mantaaappppp
lumayan,bantu
prs,nganjuk
joossssss
install,bukalogin,cek,normal,tutupbuka,langsung,force,close,featurenya,udah,bagus,sayang,sempurna,aplikasi
mantul
kabar,brisat,udah,satelit,atmalami,jaring,atm,cabut,atm,centre,akan,transaksi,fullbrimo,lot,parah,udah,clear,cache,udah,uninstall,install,udah,ganti,provider,internetngaruh,alih,bank
mobilebaik
koneksi,putus,daftar,uninstall,install,tetep,gabisa
mantaapp
kecewa,banget,kode,otp,masuk,sinyal,baru,kalo,udah,hasil
transaksi,perban,mudah
aplikasi,lot,cepatmobile,sasar,milenial,lot,milenial,milik,mobilitas,butuh,cepat,transaksi
updatebuka,warna,hitam,close
goood
aplikasi,gk,buka,knp,yaa,pencet,brimo,tp,lgs,gk,masuk
mantul,simple,easy,use
app,menu,daftar,daftar,masuk,menu,login,langsung,keluaf,app
mantaafff
id,blokir,perintah,klik,lupa,sandi,klik,lupa,sandi,masuk,nama,email,rekening,masuk,nomor,rekening,sy,digit,keti,digit,muncul,tomboldigit,muncul,lhaa,nomor,sy,cuman,digit,tambah,digit,salah
mohon,lengkap,menu,edit,hapus,rekening,simpan,menu,tranfer,mudah,edit,hapus,rekening,tambah,otentifikasi,transaksi,pilih,finger,scanner,samping,pin
daftar,tunggu,sms,kode,otp,kunjung,terima,tunggu,ulang,proses,kirim,kode,otp
mbanking,keren,bsa,pke,finger,print,unlock,app
good,apps,helpful
thank,u
gak,login,dlu,loginverifikasi,sms,skrg,nungguin,sms,verifikasi,kodesmsnya,gimana
mudah,transaksi,cek,saldo,rekening
sikat,gan,hidup,milenial
transaksi,cepat
good
gampang,pakairibet,nyaman,aman
bagus,fitur,lengkap,promo
good
niceeasy
aplikasi,buka,update,versi,baru,updatebuka,mohon,baik
bagus
