authorId,authorName,content,waktu,newContent
6707577406,Ramadhaniarief,"Sering sekali ni aplikasi ngeblokir akses saya masuk, padahal sebelumnya gapernah salah password buat masuk. Kalau mau nyuruh rutin ganti password ya dilakukan dengan fair lah, jangan seolah olah saya salah password lalu diblokir, terus disuruh ganti password. Dua bulan, dua kali juga diblokir paksa disuruh ganti password, gobl!!",2020-12-01T16:09:09-07:00,ni aplikasi ngeblokir akses masuk gapernah salah password masuk nyuruh rutin ganti password fair olah salah password blokir suruh ganti password kali blokir paksa suruh ganti password gobl
6707540271,sudahfajar,"saat menggunakan aplikasi selalu terjadi eror pas log in, log out, buka menu, dan kadang ada no rek orang lain entah punya siapa bisa ada di dalam daftar riwayat, parah! tolong lah sekelas BUMN kok pelayanan gini",2020-12-01T15:52:52-07:00,aplikasi eror pas log in log out buka menu kadang no rek orang daftar riwayat parah kelas bumn layan gin
6706869266,Muhammad Andre Gustian,BURUK BANGET PAKE TOKEN SEGALA RIBET,2020-12-01T11:11:59-07:00,buruk banget pake token ribet
6705612551,NJ NC,Padahal sudah sukses pembaruan pasword tapi pas mau login gak bisa trus padahal pasword semua benar. malah katanya id user terbelokir kalau  sudah dua atau tiga kali login,2020-12-01T03:54:17-07:00,sukses baru pasword pas login gak trus pasword id user terbelokir kali login
6705290388,mutiaw0128,Heran deh suka tiba tiba ke blokir sendiri padahal udh bener baru sekali masuk juga udh langsung keblokir gak cuma sekali udh terlalu sering!!!,2020-12-01T01:43:52-07:00,heran deh suka blokir udh bener masuk udh langsung blokir gak udh
6705258139,aryawiguna10,"Banyak lemotnya bikin emosi aja, mau simple aja kok eror mulu,",2020-12-01T01:29:39-07:00,lot bikin emosi aja simple aja eror mulu
6705257839,y_idol,Tampilan lebih fresh daripada versi aplikasi sebelumnya. Tapi kenapa masalahnya masih sama ya? User ID saya terblokir tiba tiba begitu saja,2020-12-01T01:29:30-07:00,tampil fresh versi aplikasi user id blokir
6705022470,123yus,Saya sudah download dari 8 bulan lalu (maret) namun ketika ke teller saya diinfokan belum bisa digunakan untuk ios. Hari ini (1 des 2020) saya ke teller terkait brimo untuk ios apa sudah bisa digunakan ternyata masih sama saja. Saya masuk aplikasi dan login untuk mendapat sms verifikasi saja tidak bisa. Tolong ditingkatkan performa aplikasi ya. Terima kasih,2020-11-30T23:40:26-07:00,download maret teller info ios des teller kait brimo ios masuk aplikasi login sms verifikasi tingkat performa aplikasi terima kasih
6704421178,yyvhgjhgg,"parah woy aplikasi user id keblokir mulu , males banget tiap bulan inget inget password baru mulu , gajelas aplikasinya",2020-11-30T18:55:41-07:00,parah woy aplikasi user id blokir mulu males banget inget inget password mulu gajelas aplikasi
6702761463,lasomatonggo123,Kenapa di ios 14 sering muncul peringatan koneksi terputus,2020-11-30T07:45:12-07:00,ios muncul ingat koneksi putus
6702216612,anca009,"Sudah 4x pulang balik urus id terblokir. Input id sama passnya sudah benar, 100% benar. Padahal baru login pertama. Payah appnya, bsok ke bank lagi deh yg ke-5 kalinya.",2020-11-30T04:38:26-07:00,pulang urus id blokir input id passnya login payah appnya bsok bank deh yg kali
6702087002,abbagahahaiak,Kenapa gabisa login ya? Udah dicoba berkali kali tetep gabisa,2020-11-30T03:51:16-07:00,gabisa login udah coba kali kali tetep gabisa
6701943582,mlyrzls,"Tolong dong buat tambahin fitur cek saldo brizzi, saya sebagai pengguna iphone yg sudah ada NFC tapi tidak bisa cek saldo brizzi, sedangkan di bank lainnya sudah dari lama menggunakan fitur cek saldo buat e-money dan kartu lainnya. Mohon untuk di update lagi. Terimakasih",2020-11-30T02:51:48-07:00,tambahin fitur cek saldo brizzi guna iphone yg nfc cek saldo brizzi bank fitur cek saldo e money kartu mohon update terimakasih
6701533779,benz.zzz,sangat disayangkan setelah update sangat sering akun saya terblokir setelah update sering eror untuk login,2020-11-29T23:42:57-07:00,sayang update akun blokir update eror login
6701321405,SAYAMAUDAFTAR,kenapa saya mau daftar keluar sendiri terus pas isi password,2020-11-29T21:52:32-07:00,daftar pas isi password
6701281598,inem baru,Kenapa tidak bisa log in yah ? Berapa kali coba keterangannya koneksi terputus..padahal buka aplikasi yang lain aman2 saja,2020-11-29T21:31:25-07:00,log in yah kali coba terang koneksi putus buka aplikasi
6701256708,rini157,"Buffering terus padahal koneksi bagus, tolong diperbaiki lagi saya mau transfer ini!!!!!!",2020-11-29T21:18:26-07:00,buffering koneksi bagus baik transfer
6701253051,dyahmu,Kenapa saya tidak bisa logis ke BRImo ada tulisan koneksi terputus padahal sinyal bagus2 aja pass dan namanya sudah benar,2020-11-29T21:16:33-07:00,logis brimo tulis koneksi putus sinyal aja pass nama
6701232674,rivaldy juliando,Kenapa saya gabisa login,2020-11-29T21:06:09-07:00,gabisa login
6701219217,BonjourSella,"Aplikasi sampah, mo login aja gabisa. Koneksi terputus... jgn ngada2 deh, tolong dibenerin dong dah dr kapan taun ky gini. Kl ga terpaksa jg ogah pake ni bank",2020-11-29T20:59:22-07:00,aplikasi sampah mo login aja gabisa koneksi putus jgn deh dibenerin dah dr taun ky gin kl ga paksa jg ogah pake ni bank
6701213458,cirp_cirp,"Kenapa susah log in? Padahal sudah pake berbagai jenis koneski, sedangkan applikasi banking dari Bank Lain cepat.. mohon perbaikannya dong min...",2020-11-29T20:56:30-07:00,susah log in pake jenis koneski applikasi banking bank cepat mohon baik min
6701197075,Kendro Prasetyo,Sering tidak bisa login / koneksi terputus.. ketika koneksi terputus 3x malah id terblokir (dianggap passwordnya yang salah) Harap segera diperbaiki,2020-11-29T20:48:12-07:00,login koneksi putus koneksi putus id blokir anggap passwordnya salah harap baik
6701151657,yunan ahmad,Aplikasi busuk,2020-11-29T20:25:45-07:00,aplikasi busuk
6701145356,write a review xxx,"Tolong dong, ini gimana sih gabisa buat login, mana tulisannya salah password sampe ke blokir.",2020-11-29T20:22:45-07:00,gimana sih gabisa login tulis salah password sampe blokir
6701116861,Hernucahya,"Sering bgt tengah transaksi tiba2 koneksi terputus lah, sama error2 yg lainnya. Sampe2 harus punya bri mobile jadul buat backup ??? Jan salahin internetku, internetku baik2 aja, yg jelas dr server sononya!",2020-11-29T20:08:38-07:00,bgt transaksi koneksi putus yg bri mobile jadul backup jan salahin internetku internetku aja yg dr server sono
6700736868,elbarraq,"Katanya udah compatible sama ios 14, tapi tetep aja ngebugs",2020-11-29T17:12:51-07:00,udah compatible ios tetep aja ngebugs
6700151698,Mu'arif,Aplikasi bangsuaaaat... Mau transer katanya server error... Bajinguaaaan.... Aplikasi buangsuaaaaaat.... aplikasi tuaaaaaiiiiiii.... Cari mToken aja susah... buajingan... admin asuuuuu....,2020-11-29T12:57:38-07:00,aplikasi bangsuaaaat transer server error bajinguaaaan aplikasi buangsuaaaaaat aplikasi tuaaaaaiiiiiii cari mtoken aja susah buajingan admin asuuuuu
6698043467,Propertyofran,"Saya mau daftar tapi, selalu force closed. Tolong diperbaiki. Device: iphone 7+",2020-11-29T00:12:29-07:00,daftar force closed baik device iphone
6697971183,Doni Wahyu,"Update terbaru malah Tidak ada sms verifikasi yg masuk saat login ulang,, tidak bisa login dri kmaren, sdah sya coba berkali2 #Ip 6s",2020-11-28T23:40:53-07:00,update baru sms verifikasi yg masuk login ulang login dri kmaren sdah sya coba ip
6697450442,kdlslla,Parah susah banget log in keluar terus !!,2020-11-28T19:47:46-07:00,parah susah banget log in
6696733641,diels490,"Masih suka tiba2 terputus, trus error, padahal pke sinyal plat merah juga di aplikasi lain lancar cuma di brimo please fix this",2020-11-28T14:56:30-07:00,suka putus trus error pke sinyal plat merah aplikasi lancar brimo please fix this
6695748337,01sigit,"Kadang koneksinya terputus sendiri, mau cek/transaksi keseringan harus ulang dari awal karna koneksi tiba2 putus.  Dan 1 lagi, password login sama password transaksi di bedain dong. Untuk password transaksi pake angka 6 digit aja. Supaya lebih mudah.",2020-11-28T08:31:36-07:00,kadang koneksi putus cek transaksi sering ulang karna koneksi putus password login password transaksi bedain password transaksi pake angka digit aja mudah
6695379332,Reendilan,Tolong diperbaiki lagi agar lebih maksimal ga error error terus ?,2020-11-28T06:33:15-07:00,baik maksimal ga error error
6695071567,Ozorra19,"Hampir tiap minggu keblokir reset lgi keblokir lgi jelas2 pin g pernah kliru, enakan pakai BCA mobile cepat jelas g banyak aturan tp tetep aman",2020-11-28T04:53:51-07:00,minggu blokir reset lgi blokir lgi pin g kliru enak pakai bca mobile cepat g atur tp tetep aman
6694056831,tiasolistia,Transaksi cepat tapi kadang suka logout sendiri jd harus masuk2 lg ke akun nya,2020-11-27T22:13:26-07:00,transaksi cepat kadang suka logout jd lg akun nya
6693179536,dexdy,"Payah nyediaâin aplikasi tapi gak bisa di gunain ama cust buat apa dong, tolong kalau bisa segera perbaiki jangan nyediaâin aplikasi gak guna gini",2020-11-27T16:16:39-07:00,payah nyediain aplikasi gak gunain ama cust baik nyediain aplikasi gak gin
6691087050,shell shaquella,Saya JuGa Nggak Bisa Login Atau Daftar Tulisannya Koneksi Terputus Kalau Nggak Tidak Cocok,2020-11-27T04:05:19-07:00,login daftar tulis koneksi putus cocok
6690921913,RukoGreen,Asik pake Brimo,2020-11-27T03:04:34-07:00,asik pake brimo
6690624951,Rustandi07,Ganti bca aja jangan bri,2020-11-27T01:10:34-07:00,ganti bca aja bri
6690460778,yusufsoen,Cepat singkat,2020-11-27T00:00:58-07:00,cepat singkat
6690415010,lintashuuu,Kenapa ketika saya daftar dan memasukkan kata sandi selalu langsung keluar?,2020-11-26T23:40:33-07:00,daftar masuk sandi langsung
6690188260,Edbertjunior,Memudahkan sih tapi App suka crash dan muncul pesan error. Gak seperti Bank Biru yang kinerjanya was wus was wus cepet banget. Ayo dong BUMN jangan mau kalah sama swasta.,2020-11-26T21:56:47-07:00,mudah sih app suka crash muncul pesan error gak bank biru kerja was wus was wus cepet banget ayo bumn kalah swasta
6689351927,ichra nug,Selalu force close pas isi password,2020-11-26T15:38:16-07:00,force close pas isi password
6686910332,kayeennnn,tiap mau daftar keluar2 sendiri ih appnya,2020-11-26T00:05:34-07:00,daftar ih appnya
6686273273,Theyqifli,"Gimana sih ini aplikasinya keluar-keluar sendiri baru login masuk malah keluar dengan sendirinya. Gak seperti mbanking bank lain lancar""",2020-11-25T19:00:06-07:00,gimana sih aplikasi login masuk gak mbanking bank lancar
6686207621,user12):$:&,Sering koneksi terputus,2020-11-25T18:32:14-07:00,koneksi putus
6685829105,syafitri ayu santi,Setiap mau isi password keluar sendiri.,2020-11-25T15:41:20-07:00,isi password
6684710836,fajrinalkhomsa,"Kenapa saya tidak bisa mendaftar. Dengan pemberitahuan no connection. Padahal buka app lain bisa, seperti BRI Credit card app",2020-11-25T08:18:42-07:00,daftar pemberitahuan no connection buka app bri credit card app
6684558188,abu janda,"Payah banget njing lah . Login susah , udah masuk force close ... tolol",2020-11-25T07:29:29-07:00,payah banget njing login susah udah masuk force close tolol
6684356644,ISNAVERRY,Sudah berkali kali ya wahai BRI saya melakukan tarik tunai di salah satu mesin ATM dari Aplikasi BRIMO tetapi uang tidak keluar dan saldo terdebet.,2020-11-25T06:23:39-07:00,kali kali bri tarik tunai salah mesin atm aplikasi brimo uang saldo debet
6621946388,rinoset,saya mau daftar tapi kode UTP tidak pernah saya terima,2020-11-08T02:54:58-07:00,daftar kode utp terima
6618559532,Mella D. Putri,"Terimakasih BRI M-Banking karena sangat memudahkan ketika transaksi, tepat, cepat dan nyaman.",2020-11-07T04:43:22-07:00,terimakasih bri m banking mudah transaksi cepat nyaman
6617443414,bp64531,Selalu crash pada saat menu pembuatan password utk user baru. Mohon di cek ya.,2020-11-06T20:52:36-07:00,crash menu buat password utk user mohon cek
6617099752,wardha dj,Good aplication,2020-11-06T18:23:14-07:00,good aplication
6616907106,jehrjdie,Kenapa sering sekali akun terblokir Pernah sudah reset pasword dan login pakai pasw baru masih terblokir lagi...menyusahkan user nih,2020-11-06T17:06:43-07:00,akun blokir reset pasword login pakai pasw blokir susah user nih
6616586340,aya styan,"Kok sekarang susah sekali pake aplikasi brimo,selalu error,setiap abis masukin kode password selalu error,ini sangat merugikan sy karena setiap transaksi gara2 error saya sampai transfer 2x 3x saldo sy berkurang tp gak ad keterangan trnsfer nya.tulisan nya error terus.tolong diperbaiki dong",2020-11-06T14:57:09-07:00,susah pake aplikasi brimo error abis masukin kode password error rugi sy transaksi error transfer saldo sy kurang tp gak ad terang trnsfer nya tulis nya error baik
6616377820,shdico,Keluar terus tiap buat akun tolong diperbaiki,2020-11-06T13:27:28-07:00,akun baik
6615514958,salmasyanindita,Error mulu tiap mau melakukan transaksi mohon diperbaiki:(((,2020-11-06T08:18:19-07:00,error mulu transaksi mohon baik
6615154233,lolalimilani,"Tolong dong diperbaiki sistemnya,masa tiap login,tiba2 logout sendiri, belom juga transaksi,uda logout sendiri. Gini terus masalahnya. Tolong segera diperbaiki.",2020-11-06T06:24:23-07:00,baik sistem login logout bom transaksi uda logout gin baik
6614943562,gadingmahen,Kenapa pada iphone x tidak bisa langsung top-up brizzi padahal iphone x sudah support nfc,2020-11-06T05:19:51-07:00,iphone x langsung top up brizzi iphone x support nfc
6614644201,Rezki56,Aplikaai sangat membatu tapi kurangnya kadang2 keluar snediri,2020-11-06T03:49:31-07:00,aplikaai batu kurang snediri
6614360292,Rizky Mandera,Sering mengalami kendala koneksi sejak update ios 14. Mohon segera diperbaiki. Terima kasih,2020-11-06T01:56:20-07:00,alami kendala koneksi update ios mohon baik terima kasih
6613924669,romi tan,Tiap updete eror,2020-11-05T22:28:50-07:00,updete eror
6613553272,rizaldyy,"Katanya coba di lain waktu jaringan terputus padahal wifi saya ngebut + hp saya xs max, selain itu for close terus di ios 14",2020-11-05T19:20:23-07:00,coba jaring putus wifi ngebut hp xs max for close ios
6613485379,don sami,"udah 1 minggu gak bisa log in padahal password udah bener, udah ganti password tetap aja gak bisa masuk. tolong diperbaiki lagi sistemnya",2020-11-05T18:48:49-07:00,udah minggu gak log in password udah bener udah ganti password aja gak masuk baik sistem
6613220724,graciaputra,"Timeout terus, keterangan user sedang dipakai padahal pakai web lancar",2020-11-05T16:51:40-07:00,timeout terang user pakai pakai web lancar
6612942749,plenyoen,sering keluar notif kesalahan sistem. yang akhirnya akun terblokir... mohon untuk di tinjau lagi biar tidak merepotkan orang bolak balik ke CS,2020-11-05T14:48:27-07:00,notif salah sistem akun blokir mohon tinjau biar repot orang bolak cs
6611714580,chrisnjhon7777,Kok mau bikin password aja gbsa2 ya? Keluar sendiri terus ni app,2020-11-05T07:02:59-07:00,bikin password aja ni app
6610937165,mang amung,Mau registrasi force close terus app nya,2020-11-05T02:31:09-07:00,registrasi force close app nya
6610581580,atiqa92,Maaf kenapa kode verivikasi  tidak kunjung masuk ke hp sy,2020-11-04T23:47:00-07:00,maaf kode verivikasi kunjung masuk hp sy
6610380698,Superbarry,"Tried so many times to open account and always end up on creating passwordâs page. It quitted unexpectedly, and I have to repeat the process all over again and stuck on the same page.",2020-11-04T22:03:43-07:00,tried so many times to open account and always end up on creating passwords page it quitted unexpectedly and i have to repeat the process all over again and stuck on the same page
6610146838,FPU11,"Mau transfer tapi gagal terus
Aplikasinya kurang maksimal",2020-11-04T19:59:30-07:00,transfer gagal aplikasi maksimal
6607700873,Mayonk,"Entah sudah berapa kali saya terpaksa ganti password gara-gara diblokir, padahal password yang Saya masukkan sudah benar bahkan dengan memakai face id sekalipun. Saya tidak pernah mendapatkan permasalahan seperti ini di mobile banking bank2 lain yang Saya gunakan.",2020-11-04T03:39:40-07:00,kali paksa ganti password gara gara blokir password masuk pakai face id masalah mobile banking
6607574836,jaygung,kenapa kode OTP gak ada dikirim,2020-11-04T02:49:35-07:00,kode otp gak kirim
6606597050,wari23,Finally gak pelu nomor token lagi ?,2020-11-03T18:47:37-07:00,finally gak pelu nomor token
6606381337,grans xaverius,Aplikasi selalu force close !!!,2020-11-03T17:13:06-07:00,aplikasi force close
6606141490,asyifa putri,Dari kemaren mau login tinggal nunggu kode nya di kirim ke nomor hp saya tapi gak masuk masuk?,2020-11-03T15:24:53-07:00,kemaren login tinggal nunggu kode nya kirim nomor hp gak masuk masuk
6606041390,puutrifn,"kenapa waktu login trus disuruh nulis email. dan disitu tulisannya akan dikirim kode verifikasi, tapi ditunggu lama kode nya jg tidak ada",2020-11-03T14:39:41-07:00,login trus suruh nulis email situ tulis kirim kode verifikasi tunggu kode nya jg
6604750767,syinr,"Maaf, ini ko saldo saya 0 ajah yah, padahal pas bikin atmnya itu udah diisi 100.000 , itu kenapa yahh . Tolong dijawab",2020-11-03T06:40:40-07:00,maaf ko saldo ajah yah pas bikin atmnya udah isi yahh
6604539660,akbar.naf,"Lebih dari sehari kalau ga login, begitu login akun sudah langsung terblokir. Padahal user dan password tidak salah. Jawabannya pasti reset password aja, masak tiap kali mau pakai harus reset password?",2020-11-03T05:34:49-07:00,hari ga login login akun langsung blokir user password salah jawab reset password aja masak kali pakai reset password
6604413866,kyindy,Memang terbaik,2020-11-03T04:53:23-07:00,baik
6604357443,wijayanti sugi,Puas banget,2020-11-03T04:33:39-07:00,puas banget
6604163884,digital.ant27,"Woow.. hebat, tiba tiba terblokir, harus reset password. Langsung isi pulsa agar bisa terima sms token, ga taunya sms token gagal terus, tidak pernah bisa terkirim, tapi pulsa sms terkuras... MANTAAAP bri, LANJOOOOTKANN!!!! ??????????????????????????????????",2020-11-03T03:21:32-07:00,woow hebat blokir reset password langsung isi pulsa terima sms token ga tau sms token gagal kirim pulsa sms kuras mantaaap bri lanjooootkann
6603983914,bay.sky,Kode verif gak keluar dahlah,2020-11-03T02:06:54-07:00,kode verif gak dah
6603918718,sibatanghitam,Tai burikkk,2020-11-03T01:35:49-07:00,tai burikkk
6603836609,yaz in,keseringan koneksi terputus ..akun baru di buka blokirannya . udah ke blokir lagi .kudu ke kantor lagi untuk buka blokirannya .,2020-11-03T00:56:55-07:00,sering koneksi putus akun buka blokir udah blokir kudu kantor buka blokir
6603751319,pu+ra,SANGAT TIDAK MEMUASKAN TIDAK BISA LOGIN DI BUAT KONEKSI TERPUTUS .SAYA PAKAI WIFI 20mbps SENDIRIAN DAN PAKAI KARTU PAKET TELKOMSEL YG BARU SAJA DI ISI .TAPI TETAP TIDAK ADA KONEKSI .BUKA YOUTUBE MBAKING BNI MBAKING BCA SEMUA BISA .TOLONG DIPERBAIKI LA SISTEMNYA,2020-11-03T00:16:25-07:00,muas login koneksi putus pakai wifi pakai kartu paket telkomsel yg isi koneksi buka youtube mbaking bni mbaking bca baik la sistem
6603743728,KinKin Nz,Tidak bisa dibuka di ios 14,2020-11-03T00:12:49-07:00,buka ios
6603741813,dimasrlutfi,Terputus terus,2020-11-03T00:11:48-07:00,putus
6603719808,konsumen aktif,"Aplikasi bangke, kenapa kalo mau transaksi koneksi terputus terus Maluâin nama besar BRI Aplikasi bikin kesel, gak mutu Tolong dong di perbaiki",2020-11-03T00:01:08-07:00,aplikasi bangke kalo transaksi koneksi putus maluin nama bri aplikasi bikin kesel gak mutu baik
6603675620,Realhuman123,"Udah 1 bulan semenjak update ios 14, nge-bugs gak jelas.  Team support untuk IT BRI kemana? Transaksi susah banget Aplikasi bank lain fine aja.  Update dong hai BRIMO",2020-11-02T23:40:11-07:00,udah semenjak update ios nge bugs gak team support it bri transaksi susah banget aplikasi bank fine aja update hai brimo
6603650644,MasHennnn,"ini kenapa bug nya makin parah ? mau cek saldo, mau tf ga bisa mulu , koneksi terputus lagi dan lagi. padahal koneksi internet sangat lancar",2020-11-02T23:27:58-07:00,bug nya parah cek saldo tf ga mulu koneksi putus koneksi internet lancar
6603649898,khalil al-khalidi,"Udah mulai lambat aplikasi brimo, selalu keluar koneksi terputus padahal jaringan nya bagus buka youtube aman-aman saja. Mohon di perbaiki lagi",2020-11-02T23:27:34-07:00,udah lambat aplikasi brimo koneksi putus jaring nya bagus buka youtube aman aman mohon baik
6603637595,chintyaar,tolong dong dibenerin server nya gabisa login mulu seminggu ini kenapa sih tolong aplikasinya dibenerin lg mas mba,2020-11-02T23:21:22-07:00,dibenerin server nya gabisa login mulu minggu sih aplikasi dibenerin lg mas mba
6603632017,evi726,Jelek banget aplikasinya Lemoooot pol,2020-11-02T23:18:31-07:00,jelek banget aplikasi lemoooot pol
6603627474,Matthew Gracious,jaringannya perbaiki lah buat ios lalot bet dah dah dah,2020-11-02T23:16:14-07:00,jaring baik ios lalot bet dah dah dah
6603580594,Je.o,"Server sering banget error, sedikit2 gangguan. padahal lancar2 aja sinyalnya.",2020-11-02T22:52:41-07:00,server banget error ganggu aja sinyal
6603569514,Fansard,"Kenapa ketika transaksi sering lost koneksi, padahal bar sinyal di hp penuh semua. Hari ini udh nyoba terus jg masih lost koneksi.",2020-11-02T22:46:54-07:00,transaksi lost koneksi bar sinyal hp penuh udh nyoba jg lost koneksi
6603525922,annaafi,Susah login bos,2020-11-02T22:24:48-07:00,susah login bos
6603515635,Azis96,Sudah dari tanggal 1 November 2020 sampai saat ini ulasan saya tulis tanggan 3 November 2020 seringkali aplikask brimo menyatakan bahwa koneksi terputus. Jujur ini sangat mengecewakan,2020-11-02T22:19:29-07:00,tanggal november ulas tulis tanggan november seringkali aplikask brimo koneksi putus jujur kecewa
6759175367,pipriy,Ko punya KU kode verifikasi nya ga muncul2 ya mau masuk ke APP nya tapi ga bisa,2020-12-16T04:21:23-07:00,ko ku kode verifikasi nya ga masuk app nya ga
6759175158,&);$,Saat akan mendaftar BRIMo (Transaksi gagal : kode SICX) mohon infonya?,2020-12-16T04:21:18-07:00,daftar brimo transaksi gagal kode sicx mohon info
6759167003,MAZRI ABDILLAH,Dari tadi login Link dari BRImo akan di kirim ke no handphone anda Sampe sekarang ga di kirim kirim Payah !,2020-12-16T04:18:07-07:00,login link brimo kirim no handphone sampe ga kirim kirim payah
6759156060,prandeska,"Kenapa setelah update App BRImo aku gag bisa login lagi, katanya link aktifasi dikirimkan ke nomor anda tapi gag ad sms dr BRI nya, padahal nomor udah benar ,, tolong lah di fix secepatknya",2020-12-16T04:13:57-07:00,update app brimo gag login link aktifasi kirim nomor gag ad sms dr bri nya nomor udah fix secepatknya
6759131049,F Dhani,"Ini kenapa jadi nggak bisa log in abis update ya.,? Stuck di cek inbox terus, ndak bisa masuk...Segera perbaiki",2020-12-16T04:04:21-07:00,log in abis update stuck cek inbox ndak masuk baik
6759125846,shiaoojn,aplikasi abis di update malah waktu login suruh masukin kode. tapi kodenya gak dikirim. gimana sih???,2020-12-16T04:02:23-07:00,aplikasi abis update login suruh masukin kode kode gak kirim gimana sih
6759098310,@giantcux,"Apdet terbaru mau login tapi gak bisa, nomor juga sudah teregistrasi, nunggu notif sms OTP utk login 5 menit tidak terkirim-kirim, ulang lagi begitu teruuusss ampe widodo redmi tobat jadi widodo aipon ?",2020-12-16T03:51:49-07:00,apdet baru login gak nomor registrasi nunggu notif sms otp utk login menit kirim kirim ulang teruuusss ampe widodo redmi tobat widodo aipon
6759069118,parahmex,"kenapa skarang sulit skali, saya mau top up saldo shopee kenapa gak bisa di briva di arahkan ke dompet digital tapi gak bisa juga, aplikasi semakin membingungkan, mending versi lama aja",2020-12-16T03:40:04-07:00,skarang sulit skali top up saldo shopee gak briva arah dompet digital gak aplikasi bingung mending versi aja
6758993801,Syawaludin Soleh,"âKeterangan user anda sedang login pada device lainâ 
Laah kok bisa ? Padahal saya tidak melakukan login di perangkat yg lain. Apakah ada yg lain buka ? Knpa bisa tau user dan pin saya ? Tolong pencerahan nya ??",2020-12-16T03:08:30-07:00,terang user login device laah login perangkat yg yg buka knpa tau user pin cerah nya
6758975272,deewpwee,"Please, tolong tetap support iOS 10 kedepannya ???",2020-12-16T03:00:38-07:00,please support ios depan
6758969395,Ichacul,Setelah update terbaru tidak mendapat sms link dr brimo d nomor yg sudah terdaftar. Mohon segera diperbaiki.,2020-12-16T02:58:12-07:00,update baru sms link dr brimo d nomor yg daftar mohon baik
6758939465,Kanv1309,"Updatean yang terbaru ini aplikasi semakin stabil dan user interface sangat baik dari sebelumnya dan mungkin saat ini aplikasi brimo jadi aplikasi mobile banking terbaik,mantap brimo",2020-12-16T02:46:01-07:00,updatean baru aplikasi stabil user interface aplikasi brimo aplikasi mobile banking baik mantap brimo
6758935056,AgusSuprianto,Memang sudah bisa di ios 14 tapi saat mau login tidak menerima sms link udah coba berkali-kali tetep nihil,2020-12-16T02:44:08-07:00,ios login terima sms link udah coba kali kali tetep nihil
6758836469,dymaskharafi,Setelah update tidak bisa login karena tidak dpt sms untuk membuka linknya,2020-12-16T02:02:23-07:00,update login dpt sms buka linknya
6758822683,zhecheva,Plisss update was actually an improvement tapi kenapa malah jadi gabisa login?,2020-12-16T01:57:13-07:00,plisss update was actually an improvement gabisa login
6758808647,Klmis,"Wah keren updatean terbarunya. Aplikasi semakin mudah digunakan, penambahan firurâ yang di ringkas semua menjadi 1. Nice ?",2020-12-16T01:50:56-07:00,keren updatean baru aplikasi mudah tambah firur ringkas nice
6758802412,sukendar,"Kenapa setelah update brimo, saya tidak mendapat sms link untuk login?  Sudah saya ulang berkali2 tp tidak ada sms masuk. Padahal versi sblmnya lancar2 saja.",2020-12-16T01:48:17-07:00,update brimo sms link login ulang tp sms masuk versi sblmnya
6758778176,salsabila rb,Kenapa tibatiba di update gabisa masuk login ke akun saya ???,2020-12-16T01:38:13-07:00,tibatiba update gabisa masuk login akun
6758740085,Pencahar,nunggu sms link login ga bisa2 sudah coba 3x,2020-12-16T01:22:41-07:00,nunggu sms link login ga coba
6758721627,Bojone Mba Dit,"Mau login suruh nunggu sms, smsnya gak masuk2.. gimana ini?",2020-12-16T01:15:14-07:00,login suruh nunggu sms smsnya gak gimana
6758717398,farizmd13,"Menunggu link ke nomer hp lama banget gak masuk2, mau transaksi jadi harus ke atm",2020-12-16T01:13:30-07:00,tunggu link nomer hp banget gak transaksi atm
6758674771,suryasgr,Mengapa link login tidak terkirim setelah update terbaru,2020-12-16T00:55:50-07:00,link login kirim update baru
6758669194,Ecl93,"Hi developer, Saya baru update app Brimo, lalu mw login di app dan disuruh klik link yg dikirimkan melalui sms tetapi link tsb tidak bisa di klik dan saya mw melakukan transaksi yg penting saat itu tetapi terkendala oleh hal tsb, mohon diperbaiki",2020-12-16T00:53:23-07:00,hi developer update app brimo mw login app suruh klik link yg kirim sms link tsb klik mw transaksi yg kendala tsb mohon baik
6758644664,yoga pratama (BALI),kenapa gangguan terus sih? saya akan ada transaksi untuk perbelanjaan penting! mohon kaji ulasan saya untuk memperbaiki system yg kalian miliki. mohon dengan sangat terlalu banyak yg mengeluh akan hal ini koneksi terputus dan masa waktu habis jangan sampai review ini banyak nasabah yg tertular!  terimakasih BRI !,2020-12-16T00:43:04-07:00,ganggu sih transaksi belanja mohon kaji ulas baik system yg milik mohon yg keluh koneksi putus habis review nasabah yg tular terimakasih bri
6758642385,makinuddin,âmaaf device anda telah di jailbreakâ ada yang ngalamin juga? Gimana cara mengatasinya?,2020-12-16T00:42:02-07:00,maaf device jailbreak ngalamin gimana atas
6758595739,Rifanimarozsan,"Setelah Update terbaru, saya login akun Brimo tidak bisa dan notifikasi SMS untuk Link Login tidak diterima (Masuk), sudah 2 hari tetap sama",2020-12-16T00:22:36-07:00,update baru login akun brimo notifikasi sms link login terima masuk
6758593508,JakFlight,Masih banyak yg harus di perbaiki suka keluar sendiri sering malah. Kaya belum sanggup untuk buat sistem mobile banking,2020-12-16T00:21:42-07:00,yg baik suka kaya sanggup sistem mobile banking
6758587255,harus ngisi nama siapa sih,"Kenapa pas log in link yang dikirimkan ke nomor tidak masuk2 , jadi ribett banget abis diperbarui aplikasinya",2020-12-16T00:18:57-07:00,pas log in link kirim nomor ribett banget abis baru aplikasi
6758531451,tghprynt,"padahal nomor hp di internet banking aktif, tp link loginnya ga masukmasuk sms nya ke no hp saya.",2020-12-15T23:55:19-07:00,nomor hp internet banking aktif tp link loginnya ga masukmasuk sms nya no hp
6758480464,jemmmmmbbbb,"Link login tidak terkirim di inbox sms sudah dicoba berulang kali, install ulang apps sampe on/off sinyal. Mohon update lagi applikasinya/perbaiki bugnya.",2020-12-15T23:32:27-07:00,link login kirim inbox sms coba ulang kali install ulang apps sampe on off sinyal mohon update applikasinya baik bugnya
6758404884,narayricoremon,Kenapa gak bisa login Katanya kirim link melAlui sms gak muncul udah berkali2,2020-12-15T22:56:46-07:00,gak login kirim link sms gak muncul udah
6758382776,mhadyans,Kenapa saya ngga dapet sms buat login ke akun bri mobile ya,2020-12-15T22:45:54-07:00,ngga dapet sms login akun bri mobile
6758378584,youniar,"setelah update susah untuk login, karena link login tidak masuk ke inbox sms",2020-12-15T22:43:58-07:00,update susah login link login masuk inbox sms
6758353741,orchids.id,"Setelah update aplikasi brimo nya kok malah ga bisa login? Link login katanya dikirim ke no hp, cek inbox ga ada inbox masuk. Gimana ini? Telp call center disuruh tunggu 24 jam. Butuhnya sekarang..",2020-12-15T22:31:34-07:00,update aplikasi brimo nya ga login link login kirim no hp cek inbox ga inbox masuk gimana telp call center suruh tunggu jam butuh
6758353065,Thangbhoto,"Halo Admin, saya tidak bisa melakukan transaksi setelah upgrade aplikasi. Keterangannya âCek Inbox, kami mengirimkan link melalui SMSâ tapi ga masuk2 juga SMSnya. Tolong di perbaiki kembali min sangat menggangu saya dalam bertransaksi. Terima kasih",2020-12-15T22:31:15-07:00,halo admin transaksi upgrade aplikasi terang cek inbox kirim link sms ga smsnya baik min menggangu transaksi terima kasih
6758334308,Agas Siwi,kenapa saya tidak mendapatkan sms untuk login Brimo untuk app yang baru,2020-12-15T22:21:59-07:00,sms login brimo app
6758300038,gwoqvdwiv,g bisa di gunainn gimna,2020-12-15T22:04:36-07:00,g gunainn gimna
6758283109,rzkanf,"Baru kemarin update ke versi 2.0, stelah login nunggu otpnya ga dapet2 smpe hari ini di coba lagi tetap tidak ada sms otp. Mohon bntuannya kenapa?",2020-12-15T21:55:52-07:00,kemarin update versi stelah login nunggu otpnya ga smpe coba sms otp mohon bntuannya
6758279787,jnndh,Link dikirimkan ke nomor hp tp sampe skrg belum menerima link padahal nomor hp udh bener,2020-12-15T21:54:08-07:00,link kirim nomor hp tp sampe skrg terima link nomor hp udh bener
6758264955,user indihome,Versi ini untuk login app ny harus via sms. Ribet. Sms suka lama masuknya. Lebih mudah versi sebelumnya via biometric. Tolong d kembalikan saja pak,2020-12-15T21:46:26-07:00,versi login app ny sms ribet sms suka masuk mudah versi biometric d kembali
6758263020,mili ba,"Knp saya tidak bs log in. Pdhal sblm ny g ad masalah, sudah msukin user dan pass, dan sudah klik link yg di kirim ke sms, tp link nya g bs di buka terus",2020-12-15T21:45:25-07:00,knp bs log in pdhal sblm ny g ad msukin user pass klik link yg kirim sms tp link nya g bs buka
6758233565,Aryo Dwi Pangestu,"Setelah saya update brimo v. 2.0.0 kenapa setiap saya buka aplikasi keluar tulisan, device anda telah di jailbreak, padahal hp saya tidak saya jailbreak. Btw saya di ios 14.2. Mohon segera dicek dan diproses. Terimakasih.",2020-12-15T21:30:14-07:00,update brimo v buka aplikasi tulis device jailbreak hp jailbreak btw ios mohon cek proses terimakasih
6758231973,ayuudeka,"Habis di update malah ngga bisa login, nunggu sms, tapi smsnya ngga ada yg masuk ??????????",2020-12-15T21:29:26-07:00,habis update ngga login nunggu sms smsnya ngga yg masuk
6758214385,Wehasy,Opsi GOPAY nya kok hilang ya? Atau dimana tmpatnya klo di rubah tata letaknya?,2020-12-15T21:20:30-07:00,opsi gopay nya hilang tmpatnya klo rubah tata letak
6758152004,brainer4238,Link login sms tidak dikirimkan. Useless ga bisa login,2020-12-15T20:49:14-07:00,link login sms kirim useless ga login
6758138803,Steppppppyyyyy,"Saya bingung kenapa setiap login susah sekali, sering terputus koneksi dan pesan error lainnya.",2020-12-15T20:42:44-07:00,bingung login susah putus koneksi pesan error
6758119808,pagosmenos,Tolong di perbaiki,2020-12-15T20:33:33-07:00,baik
6758111582,ptrisk,Kok gk dpt sms sih ini udh coba 10 kali tp gk masuk masuk sms buat vrifikasi login nya,2020-12-15T20:29:36-07:00,gk dpt sms sih udh coba kali tp gk masuk masuk sms vrifikasi login nya
6758086846,kezia yunis hernowo,"Min, kenapa link yang di kirim di smsnya gak masuk2 ya?",2020-12-15T20:17:34-07:00,min link kirim smsnya gak
6758074878,lrsyy,Banyak kalipun masalah kalian kuliat liat ya. Kemaren aplikasi force closed sekarang kode otp ndak masuk masuk. Masuk pun udah expired. Tolonglah. Jangan buat aku ke bank ya. Prokespun tahapa apa di bank tu tetap aja menumpuk orang,2020-12-15T20:11:55-07:00,kali liat liat kemaren aplikasi force closed kode otp ndak masuk masuk masuk udah expired tolong bank prokespun tahapa bank tu aja tumpuk orang
6790037230,mzyyy21,Tiap mau login selalu diminta cek inbox tp gada masuk sms apapun. mohon diperbaiki lagi segeraaa!!!!!,2020-12-24T16:18:49-07:00,login cek inbox tp gada masuk sms apa mohon baik segeraaa
6790010466,anila purnamawati,Udah beberapa hari ini mau login brimo nggak bisa. Minta kode tapi sms kode nggak ada masuk ke nomorku,2020-12-24T16:06:33-07:00,udah login brimo kode sms kode masuk nomor
6789806928,kuntuls,"Setiap update selalu bikin susah.. setiap login selalu ga bisa, disuruh check sms sampe 5 menit puluhan kali juga ga ada smsnya.. gimana terus?",2020-12-24T14:34:55-07:00,update bikin susah login ga suruh check sms sampe menit puluh kali ga smsnya gimana
6788734897,Rizalical,"Saya CS BRI .. sedikit kecewa karna New brimo yang tadinya Beta sudah rilis tetapi belum sempurna , menyesal saat update yg brimo ternyata tampilannya sdh seperti yg beta . Fitur2 yg belum sempurna seharusnya jangan diluncurin dulu dong. Menu pilih rekening utama belom ada, saldo britama X e series tidak bisa di minimumkan 10rb kalau buat transfer. Bisanya lewat ib.bri.co.id . Kalo lewat brimo saldo gak cukup keterangannya . Tolong ya segera disempurnakan . Nasabah pada komplain nih setelah update. Ini demi kredibilitas BRI",2020-12-24T07:30:05-07:00,cs bri kecewa karna new brimo beta rilis sempurna sesal update yg brimo tampil sdh yg beta yg sempurna diluncurin menu pilih rekening utama bom saldo britama x e series minimum transfer bisa ib bri co id kalo brimo saldo gak terang sempurna nasabah komplain nih update kredibilitas bri
6788723698,shit6nes,"setelah diupdate, udah berkali kali cobak tetep aja gak ada sms masuk untuk link login brimo.
jadinya gak bisa login sampai sekarang!",2020-12-24T07:26:14-07:00,diupdate udah kali kali cobak tetep aja gak sms masuk link login brimo gak login
6788674953,Afffffffiiiiiiffffadilllll,ISI PULSA DULU YA GAN KLO MAU DPAT LINK,2020-12-24T07:10:24-07:00,isi pulsa gan klo dpat link
6788640380,jhknc,Baru aja update karna dpet sms dri brimo suruh update eh pas login dsruh nunggu sms buat login tpi gak masukâ smsnya. Gmna tuh min ?,2020-12-24T06:59:09-07:00,aja update karna dpet sms dri brimo suruh update eh pas login dsruh nunggu sms login tpi gak masuk smsnya gmna tuh min
6788419788,HlowFla,"Entah aplikasinya yg ngebug, atau hp saya yg ngebug, atau aplikasi gmail saya yg ngebug. Yang jelas adalah link konfirmasi email tidak pernah sampai walaupun sudah berkali-kali klik tombol âKIRIM ULANGâ. Terima kasih",2020-12-24T05:49:39-07:00,aplikasi yg ngebug hp yg ngebug aplikasi gmail yg ngebug link konfirmasi email kali kali klik tombol kirim ulang terima kasih
6788360512,putu suwandita,Gak mau masuk setelah upgrade aplikasi,2020-12-24T05:30:17-07:00,gak masuk upgrade aplikasi
6788306327,Akbar muhtar,Di iphone saya ketika buka aplikasi brimo ada tulisan â device anda telah di jailbreakâ padahal saya gk pernah jailbrek sblumnya,2020-12-24T05:12:59-07:00,iphone buka aplikasi brimo tulis device jailbreak gk jailbrek sblumnya
6788297685,umaqdian,Saya gak bisa pakai briva untuk bayar homecredit yang biasanya bisa,2020-12-24T05:09:55-07:00,gak pakai briva bayar homecredit
6788276976,Elsilia,"Awal pakai aplikasi ini sempet darah tinggi karna time out terus kan. Nah sekarang, aplikasinya udah diperbarui, dan ada fitur baru ya? Untuk pencatatan keuangan kita. Sangat bermanfaat sekali, apalagi untuk saya yg biasanya catat keuangan di buku. Sekarang lebih simple tinggal buka aplikasi brimo aja. Tampilan bri mo sekarang juga udah lebih better dan lebih eye catching ketimbang awal2. Keep it going ! ??",2020-12-24T05:02:24-07:00,pakai aplikasi sempet darah karna time out aplikasi udah baru fitur catat uang manfaat yg catat uang buku simple tinggal buka aplikasi brimo aja tampil bri mo udah better eye catching ketimbang keep it going
6788274580,Muhammadfaiz,"Tertulis bisa daftar mobile banking tanpa ke bank, pas dicoba error, setelah menghubungi cs ternyata belum bisa daftar via aplikasi dan harus ke bank",2020-12-24T05:01:32-07:00,tulis daftar mobile banking bank pas coba error hubung cs daftar aplikasi bank
6788146232,Pengamat no.999,"Gak bisa login, gak ada otp sms masuk",2020-12-24T04:17:23-07:00,gak login gak otp sms masuk
6787999408,Yunitasarifah,Kenapa saya gk bisa login ya hbis diperbarui. Kok malah jdi hrus msuk ke link. Tp masih gk bisa,2020-12-24T03:20:39-07:00,gk login hbis baru jdi hrus msuk link tp gk
6787989852,?????,"Di update yg terbaru ini betul2 berubah dari yg lama. Aplikasinya jadi lebih gampang diakses, lebih praktis untuk top up, ada catatan keuangan juga dan gak lag ????",2020-12-24T03:16:56-07:00,update yg baru ubah yg aplikasi gampang akses praktis top up catat uang gak lag
6787934638,muidurrochman,"setelah update pas login gak bisa terus, disuruh nunggu sms konfirmasi smsnya gak masuk2 kenapa ya?",2020-12-24T02:55:37-07:00,update pas login gak suruh nunggu sms konfirmasi smsnya gak
6787863713,writeReciew,good update,2020-12-24T02:27:25-07:00,good update
6787857063,puttriii,"Kenapa setelah update masuk login harus pake kode link lewat sms, pdhl nomerku yg aku daftarkan ke brimo hilang, dan sekarg gak bisa login karna gak bisa terima sms buat dapat linknya...payah",2020-12-24T02:24:39-07:00,update masuk login pake kode link sms pdhl nomerku yg daftar brimo hilang sekarg gak login karna gak terima sms linknya payah
6787614453,Mythaamelya,Kenapa app nya ga bisa login ? Terus menerus disuruh masuk link yg terkirim ke nomer hp. Tapi setelah udh klik linknya malah gak bisa dibuka due to error. Ini trus menerus sperti ini ga bisa login. Tolong segera diperbaiki permasalahannya. Terimakasih.,2020-12-24T00:45:58-07:00,app nya ga login terus suruh masuk link yg kirim nomer hp udh klik linknya gak buka due to error trus terus sperti ga login baik masalah terimakasih
6787507611,zzzzzxxxxzzzxxssddfgggfdwqqef,Dana transfer tidak masuk ke bank tujuan  dan dana kegantung terus sudah lebih dari 24 jam,2020-12-24T00:01:08-07:00,dana transfer masuk bank tuju dana gantung jam
6787388377,gus man hkg,"Padahal salah password gak, udh makek pinger print pula masih aja kblokir sendiri????????",2020-12-23T23:08:14-07:00,salah password gak udh makek pinger print aja kblokir
6787320811,Dimaz Noe,Login sering bermasalah dan sering keblokir sendri,2020-12-23T22:37:10-07:00,login masalah blokir sendri
6787293713,radityasih ambarini,"Per tanggal 23.12.2020 saya dapt sms dari bri info untuk upgrade brimo, langsung saya upgrade dan setelah saya upgrade untuk login aja susah banget harus nunggu link yang akan dikirim ke no hp. Saya sudah berulang kalo muat ulang tapi ga pernah ada sms masuk yang mengirimkan link seperti tertera di pop-up setelah memasukkan username dan pssword. Mengecewakan sih, padahal saya lagi butuh banget sekarang",2020-12-23T22:26:05-07:00,tanggal dapt sms bri info upgrade brimo langsung upgrade upgrade login aja susah banget nunggu link kirim no hp ulang kalo muat ulang ga sms masuk kirim link tera pop up masuk username pssword kecewa sih butuh banget
6787278514,Tomi Tiandra,"Terimakasih atas update barunya, tampilannnya semakin keren, fiturnya ditambahkan PIN semakin aman, transaksi nya lebih cepat & canggih. Sukses terus BRI Mobile. Aplikasi nya semakin Easy dalam menggunakannya.",2020-12-23T22:19:35-07:00,terimakasih update baru tampilannnya keren fiturnya pin aman transaksi nya cepat canggih sukses bri mobile aplikasi nya easy guna
6787267779,12yuna,Dah hampir seminggu gak bs login.kecewa berat,2020-12-23T22:14:42-07:00,dah minggu gak bs login kecewa berat
6787266880,sri pitri rahmayani,"Pak buk kenapa ini saya gak bisa isi gopay seperti brimo yang lama,, trus ini jga pas transfer kenapa di minta in pin dan cuma ada angka nya doang,, kan pin saya ada abc nya jgaa,,??",2020-12-23T22:14:20-07:00,buk gak isi gopay brimo trus jga pas transfer in pin angka nya doang pin abc nya jgaa
6787233619,kredivogoblok,"Ini setelah d update makin ribet pake notifikasi lewat sms harus isi pulsa udah kena fotongan admin tambah lagi pulsa tuk notifikasi sms, bikin ribet sekali Pindah bank lain saja lah bikin ribet hidup dah ribet dibikin makin ribet",2020-12-23T22:00:07-07:00,d update ribet pake notifikasi sms isi pulsa udah kena fotongan admin pulsa tuk notifikasi sms bikin ribet pindah bank bikin ribet hidup dah ribet bikin ribet
6787196781,kecoa salto,Apakah versi baru belum fix isi pulsa Top Up Dana...???,2020-12-23T21:42:34-07:00,versi fix isi pulsa top up dana
6787171233,Noxioussch,"Mohon maaf, login setelah update aplikasi sedikit dipersulit. Sudah berkali-kali coba login dan menunggu sms untuk login namun belum ada pesan masuk untuk login akun. Bagaimana ya? Kemarin sebelum update apl normal lancar jaya, kenapaaa setelah update apl sulit login",2020-12-23T21:31:37-07:00,mohon maaf login update aplikasi sulit kali kali coba login tunggu sms login pesan masuk login akun kemarin update apl normal lancar jaya kenapaaa update apl sulit login
6787156474,zchellpy,"Min ui aplikasinya fresh banget, pengadaan baru yah? Mohon ditambakan fitur export mutasi rekening yang sebelumnya ada di aplikasi yang dulu. Tks",2020-12-23T21:24:04-07:00,min ui aplikasi fresh banget ada yah mohon tambak fitur export mutasi rekening aplikasi tks
6787136652,MobileLegend geleng geleng,good,2020-12-23T21:14:46-07:00,good
6787103599,anggadww,"Kenapa kok saya nggak nerima sms login?? Padahal nomor hp sudha benar dan saya pakai, jadi tidak bisa login",2020-12-23T21:01:11-07:00,nerima sms login nomor hp sudha pakai login
6787081847,RestMinoz,"Hallo Pak/Bu, setelah update aplikasi brimo hari ini saya login ulang, tapi tidak ada sms notif di inbox pesan saya.. apa yang salah ya?",2020-12-23T20:50:54-07:00,hallo bu update aplikasi brimo login ulang sms notif inbox pesan salah
6787043451,tata zie,"Hiii kak ,, Fitur pembayaran kartu kredit untuk ke bank lain udah dihapus ya???? ?",2020-12-23T20:32:20-07:00,hiii kak fitur bayar kartu kredit bank udah hapus
6787039924,yusan23,Terus di suruh tunggu sms,2020-12-23T20:30:38-07:00,suruh tunggu sms
6787014888,M Rendra Fahlevi,Knp sya tidak bisa login padahal sya udh punya akun. Nunggu kode link mau di kirimkan ke inbox(sms) tp gak ada yg masuk2 mohon penjelasan nya kenapa ini,2020-12-23T20:18:38-07:00,knp sya login sya udh akun nunggu kode link kirim inbox sms tp gak yg mohon jelas nya
6787012387,hdjdkodjdjjdkd,"Kok gak bisa login setelah pembaruan , link nya d kirim melalui sms , tapi gak ada sms masuk .",2020-12-23T20:17:26-07:00,gak login baru link nya d kirim sms gak sms masuk
6786915983,yunensi,Gak bisa login pas lagi butuh .. ribet,2020-12-23T19:34:45-07:00,gak login pas butuh ribet
6786876275,tsaniasrwt,"Setelah update BRIMo malah gak bisa login. Linknya berulang kali gak masuk di inbox, padahal udah berulang kali.",2020-12-23T19:17:51-07:00,update brimo gak login linknya ulang kali gak masuk inbox udah ulang kali
6786819350,meisykow,Kenapa saya tidak bisa login ?? Padahal sudah di update Tolong di bantu,2020-12-23T18:52:56-07:00,login update bantu
6786808306,88888jane99999,Ga bs login dan reset password akhrnya ke cabang terdekat registrasi ulang masalah baru bisa selesai,2020-12-23T18:48:19-07:00,ga bs login reset password akhrnya cabang dekat registrasi ulang selesai
6786802187,evi sulistyanti,Saya dah daftar dah berhasil klo mau login kok suruh vertifikasi email trs sedang dah di vertifikasi tp tetep gk bisa,2020-12-23T18:45:36-07:00,dah daftar dah hasil klo login suruh vertifikasi email trs dah vertifikasi tp tetep gk
6786774496,Az147r,"Tidak ada sms masuk buat login ke aplikasi, sangat tidak nyaman buat pengguna.",2020-12-23T18:33:40-07:00,sms masuk login aplikasi nyaman guna
6786738493,kanggabut,"Gimana caranya login, nunggu code lama lama, giliran udah dapet tp gada buat input codenya, cemana pula bosku",2020-12-23T18:17:56-07:00,gimana login nunggu code gilir udah dapet tp gada input codenya cemana bos
6786719439,YudhaIv,"BRIMOLA nya copy no BRIFA ga bisa, app BRIMO bayar BRIVA ga bisa,  mohon d perbaiki",2020-12-23T18:09:51-07:00,brimola nya copy no brifa ga app brimo bayar briva ga mohon d baik
6786716005,saparufin,"Setelah saya update malah gak bisa loginn? Bagaimana ini,di suruh buka pesan tapi gak ada yg masuk!",2020-12-23T18:08:26-07:00,update gak loginn suruh buka pesan gak yg masuk
6786709747,BerlianaSafitri,"Setelah di update jadi makin jelek, untuk login saja tidak bisa, katanya dikirim link login melalui sms, udah sejam nunggu gaada sms yg masuk! Nyesel update! Jadi makin susah dan makin jelek",2020-12-23T18:05:49-07:00,update jelek login kirim link login sms udah jam nunggu gaada sms yg masuk nyesel update susah jelek
6786690023,bckfkflodkdnxncj765432,"Habis login kembali disuruh tunggu sms, ga ada yang masuk sama sekali, bingung deh apa emang berkali kali kirim ulang dulu baru ada atau gimana si?",2020-12-23T17:57:16-07:00,habis login suruh tunggu sms ga masuk bingung deh emang kali kali kirim ulang gimana si
6786661808,Ms.DASS,"Saya sudah mencoba login berkali kali dan pihak BRIMO meminta masukan kode link, semntara tidak ada masuk SMS kode link dri BRI ke nomor hp saya? Pdhal di nomer hp saya tdk pernah berganti Mohon arahan nyaa",2020-12-23T17:45:08-07:00,coba login kali kali brimo masuk kode link semntara masuk sms kode link dri bri nomor hp pdhal nomer hp tdk ganti mohon arah nyaa
6815693925,bdgwushevjw,"Setelah update terbaru, pada saat ingin login tidak ada sms verifikasi masuk. Hasilnya tidak bisa login. Mohon diperbaiki. Cepetan saya gabisa akses mau tf ini itu gaada kabar",2020-12-31T14:17:37-07:00,update baru login sms verifikasi masuk hasil login mohon baik cepetan gabisa akses tf gaada kabar
6815555202,tidak ada nama ya,"Sudah 3 hari tiba tiba buka apps nya keluar tulisan âusername anda sedang dalam keadaan terblokirâ padahal saya tidak pernah memasukkan kata sandi atau username yang salah, kenapa seperti ini? Padahal semua uang terlanjur saya pindah ke BRI . Bikin susah kalo begini .",2020-12-31T13:15:41-07:00,buka apps nya tulis username blokir masuk sandi username salah uang lanjur pindah bri bikin susah kalo
6814457254,panca_90,Pengaturan but ganti pin&pasword kenapa tidak tersedia,2020-12-31T06:42:10-07:00,atur but ganti pin pasword sedia
6814361523,Madatidar,saya tidak bisa login selama 2 minggu setelah update aplikasi. tidak ada sms yg saya terima dr brimo. mohon bantuannya. terima kasih.,2020-12-31T06:10:36-07:00,login minggu update aplikasi sms yg terima dr brimo mohon bantu terima kasih
6814104729,yesuke,"Proses transfer tdk bs di jalankan padahal saldo masih ada dengan keterangan saldo tdk mencukupi , sangat di sayangkan",2020-12-31T04:42:06-07:00,proses transfer tdk bs jalan saldo terang saldo tdk cukup sayang
6813598845,Queenka2018,"Ini kenapa ya gak bisa masuk aja udah log in juga , udah di coba gak ada masuk sms berulang kali padahal udh upgrade yg versi baru malah lemot",2020-12-31T01:20:08-07:00,gak masuk aja udah log in udah coba gak masuk sms ulang kali udh upgrade yg versi lot
6813487455,mabbalo,Knp setiap mau login selalu mengirimkan alamat web login ke nomor,2020-12-31T00:29:55-07:00,knp login kirim alamat web login nomor
6813454083,DianS24,Tidak menerima sms verifikasi,2020-12-31T00:14:10-07:00,terima sms verifikasi
6812918117,Armandateruna,"Kenapa ya, app BRI ini sering banget ke blokir. Padahal ga salah pasword. Setahun ini sdh yg ke 4 kali tiba2 mau login keblokir. Ribet tau!!!!",2020-12-30T20:17:34-07:00,app bri banget blokir ga salah pasword tahun sdh yg kali login blokir ribet tau
6812898497,utiiiiiyt,"Payah ga bisa login Katanya link nya dikirim ke inboox Tpi ternyata ga ada masuk sama sekali, gimana sih ini",2020-12-30T20:10:30-07:00,payah ga login link nya kirim inboox tpi ga masuk gimana sih
6812695487,Qutbii,Kenapa setelah update tidak ada lagi fitur cetak token listrik lagi,2020-12-30T18:58:19-07:00,update fitur cetak token listrik
6812125452,nabil arkan,"Akun sering terblokir sendiri, dan resetnya lambat, link email sering gagal dibuka... tolong setera diperbaiki, jadi lambat mau transaksi",2020-12-30T15:05:57-07:00,akun blokir resetnya lambat link email gagal buka tera baik lambat transaksi
6810962754,bintanggg satuuuuu,Gk bs top up aplikasi dana.. kode error mulu keterangannya,2020-12-30T07:50:31-07:00,gk bs top up aplikasi dana kode error mulu terang
6810604576,rizaibnoe,"Tidak mendapatkan link verifikasi via sms. Jadi tidak bisa log in. 
Posisi ios 14.3",2020-12-30T05:49:30-07:00,link verifikasi sms log in posisi ios
6810373459,ryandake 0307,Gk bisa login Kata y verifikasi sms Udah berkaliâ gk ada juga notifikasi y Gimana ini ?????,2020-12-30T04:38:46-07:00,gk login y verifikasi sms udah kali gk notifikasi y gimana
6810034456,1236333rstu,Saya ke log out dan mau log in tapi saya tidak mendapatkan kode via sms padahal nomer saya aktif,2020-12-30T02:36:11-07:00,log out log in kode sms nomer aktif
6810001972,tintinyd,So far so good selama saya menggunakan Brimo. Harapan saya semoga ke depan nya aplikasi BriMo bisa mengikuti Bank M****** yang bisa support NFC di iphone.,2020-12-30T02:22:12-07:00,so far so good brimo harap moga nya aplikasi brimo ikut bank m support nfc iphone
6809833119,Shenopati,"Mobile Banking paling absurd! Ada fitur buka rekening, tapi kartu debit mesti ambil sendiri ke cabang, sama aja boong kalo mesih perlu datang ke cabang, lol!",2020-12-30T01:15:08-07:00,mobile banking absurd fitur buka rekening kartu debit mesti ambil cabang aja boong kalo mesih cabang lol
6809816587,jaexminee,saya udah coba berkali2 dan menunggu pesan untuk link login tapi tidak ada pesan masuk sama sekali,2020-12-30T01:09:05-07:00,udah coba tunggu pesan link login pesan masuk
6809806141,yolanda ibrahim,Kak kenapa brimo sy keluar sendiri ya? Terus mau log in tidak dpt lg?,2020-12-30T01:04:47-07:00,kak brimo sy log in dpt lg
6809472816,Ahmad18705,"tidak ada kesalah masukin pin atau login gagal, tapi tiba2 akun terblokir, tiba2 gak bisa login gak bisa transaksi, aneh bank besar kok kualitas nya gini, mana lagi pandemi, riskan kalo haris ke bank benerin akun mobile",2020-12-29T22:20:57-07:00,salah masukin pin login gagal akun blokir gak login gak transaksi aneh bank kualitas nya gin pandemi riskan kalo haris bank benerin akun mobile
6809321115,faythlenfried,Tampilan BriMo yang baru lebih segar Tapi sayang tidak fullscreen di iPhone XS Jadi saya kurangi 2 bintang,2020-12-29T21:10:40-07:00,tampil brimo segar sayang fullscreen iphone xs kurang bintang
6809052591,owaja,"Saya disuruh memasukan 16 nomor digit yang tertera dikartu atm, tetapi tidak salah terus, padahal sudah benar",2020-12-29T19:33:34-07:00,suruh pasu nomor digit tera kartu atm salah
6809044728,Aura Najwa,"Demi apapun kesel banget. Please Brimo, saya udah coba berkali-kali rekam video pas udah 60% gagal terus muncul kesalahan kode SIR2. Capek tau mencet (Baiklah :,) . Ngeselin sumpah deh. Dahlah?",2020-12-29T19:30:44-07:00,apa kesel banget please brimo udah coba kali kali rekam video pas udah gagal muncul salah kode capek tau mencet baik ngeselin sumpah deh dah
6808936056,sarsi sutomo p,Kk saya mau bayar bpjs lewat brimo. Saya sudah tanya tetangga dan warga sekampung. Menu pembayaran bpjs dimanyabya kak. Saya pake versi alpha. Mohon pencerhannya kak.,2020-12-29T18:49:20-07:00,kk bayar bpjs brimo tetangga warga kampung menu bayar bpjs dimanyabya kak pake versi alpha mohon pencerhannya kak
6808925738,juntak21,gimana sy tidak bisa login dan stuck menunggu sms verifikasi yang tidak pernah masuk,2020-12-29T18:44:55-07:00,gimana sy login stuck tunggu sms verifikasi masuk
6808563003,ramadhanabs99,Di update aplikasi paling terbaru malah tampilan Ui berubah dan fitur tarik tunai hilang,2020-12-29T16:33:53-07:00,update aplikasi baru tampil ui ubah fitur tarik tunai hilang
6806879009,bsksbsbs,Untuk brimo versi terbaru apa tdk ada menu top up link aja?,2020-12-29T06:31:51-07:00,brimo versi baru tdk menu top up link aja
6806653271,novasl,"Aneh banget nih versi terbaru, tujuan saya buat m banking ya buat bayar2... masak menu pembayaran tidak tersedia di versi ini? Tlg dong saya kesulitan nih yg di pedesaan buat bayar2... terutama bayar asuransi jd g bisa",2020-12-29T05:19:44-07:00,aneh banget nih versi baru tuju m banking masak menu bayar sedia versi tlg sulit nih yg desa bayar asuransi jd g
6806588173,grab-angel,"Semenjak aplikasi di-update, pilihan pembayaran kartu kredit hanya 4 bank, top up saldo dompet digital pun bermasalah. Ribet bgt!",2020-12-29T04:56:54-07:00,semenjak aplikasi update pilih bayar kartu kredit bank top up saldo dompet digital masalah ribet bgt
6806561960,NonoTaryono88,"Sering banget gak bisa login keterangan user terblokir,Padahal gak pernah melakukan kesalahan apapun,Kalau udah dibenerin lagi, nnti suka kumat lagiDan seterusnya",2020-12-29T04:47:24-07:00,banget gak login terang user blokir gak salah apa udah dibenerin nnti suka kumat lagidan
6806528838,katsuobusy,"Sebelum update normal, setelah update ga bisa log in. Ga jelas!!",2020-12-29T04:34:54-07:00,update normal update ga log in ga
6806496164,dadynurah,terimamasih akhirnya bs update saldo brizzi ?,2020-12-29T04:22:29-07:00,terimamasih bs update saldo brizzi
6806491097,gabriella devi,Udah berulang kali kode nya ga terkirim2,2020-12-29T04:20:32-07:00,udah ulang kali kode nya ga
6806471752,itshealpills,Gimana caranya top up gopay di app versi terbarunya?,2020-12-29T04:12:49-07:00,gimana top up gopay app versi baru
6806123949,goktavia,"Di menu mutasi rekening, knp kalau transaksi pakai aplikasi ios tdk bisa langsung diketahui nama pengirimnya pdhal transfer dari sesama rekening bri ?",2020-12-29T01:48:20-07:00,menu mutasi rekening knp transaksi pakai aplikasi ios tdk langsung nama kirim pdhal transfer rekening bri
6805794266,Dmrzki,SEJAK DIPERBAHARUI GAK BISA LOGIN SAMA SEKALI!!!!!!!!!!!!!!!!!!!!!!!,2020-12-28T23:08:26-07:00,baharu gak login
6805512851,hasrulotama,Fitur sidik jari kok dihilangkan ya? Padahal membantu bgt. Sekarang jd lupa username aku gue dan gak bisa masuk lg setelah update,2020-12-28T20:53:00-07:00,fitur sidik jari hilang bantu bgt jd lupa username gue gak masuk lg update
6805448461,deviakemi,Saya mau tanya kenapa di BRImo tidak bisa untuk pembayaran cicilan FIF ya .?,2020-12-28T20:25:07-07:00,brimo bayar cicil fif
6805431585,nadiya octa,"Saya udah berkali kali ditahap perekaman Vidio sampee 10 kali mungkin ada tetep sajaa terdapat kesalahan, lebih baik jangan dibuat susah untuk daftarnyaa",2020-12-28T20:17:39-07:00,udah kali kali tahap rekam vidio sampee kali tetep sajaa salah susah daftarnyaa
6805259545,Link Log in,"Ketika mau log in,di situ tertulis link untuk masuk ke BRImo akan dikirim ke nomor Hp tapi tidak ada sms yang masuk",2020-12-28T19:05:37-07:00,log in situ tulis link masuk brimo kirim nomor hp sms masuk
6805193984,jehrjdie,"Awalnya bingung cari menu buat top up link aja sama gopay, ternyata jadi satu di menu dompet digital...mantab tampilan barunya",2020-12-28T18:40:17-07:00,bingung cari menu top up link aja gopay menu dompet digital mantab tampil baru
6805118780,AndiNori,"Tolong untuk Fitur Catatan Keuangan dikasih menu Edit atau Hapus, Terimakasih",2020-12-28T18:14:07-07:00,fitur catat uang kasih menu edit hapus terimakasih
6804833679,choyinhaa,Tidak tau kenapa video yang direkam dbilang tidak sesuai. Padahal udh take puluhan kali. Sepertinya bagian wajah dan yang dibaca sudah sesuai arahan,2020-12-28T16:23:57-07:00,tau video rekam dbilang sesuai udh take puluh kali wajah baca sesuai arah
6804771535,Rheinandy,"Saya berulang kali masuk dan tertera untuk menunggu link dikirim, tapi tidak ada pesan sama sekali",2020-12-28T15:58:48-07:00,ulang kali masuk tera tunggu link kirim pesan
6804587380,topazoyen,Agak aneh dengan BRImo ini padahal saya Jarang login tapi sekali nya buka pasti udah ke blokir krn salah password dalam sebulan bisa 3 kali saya ke blokir dan ganti password. Padahal ada finger tp nga berfungsi kyknya . Mohon diperbaiki lagi dalam sistemnya  Terima kasih,2020-12-28T14:44:42-07:00,aneh brimo jarang login nya buka udah blokir krn salah password bulan kali blokir ganti password finger tp nga fungsi kyknya mohon baik sistem terima kasih
6804022052,Mewnx,"username & password yg dimasukkan sudah betul, katanya akan dikirim link untuk log in lewat SMS, tapi ga pernah masuk. no HP saya sebelumnya emg connect ke BRIMO. udah dicoba berkali2 gabisa juga.",2020-12-28T11:01:13-07:00,username password yg masuk kirim link log in sms ga masuk no hp emg connect brimo udah coba gabisa
6803539861,Asykarandy,"Setelah update banyak menu yg tidak bisa gunakan, contohnya seperti menu bayar tagihan listrik yg selalu error dan tidak bisa di gunakan",2020-12-28T08:19:38-07:00,update menu yg contoh menu bayar tagih listrik yg error
6803424961,rogerfans,Bug login akun masih login trs ke update aplikasinya habis itu ga bisa di login dapet notif kalo akun ke login di perangkat lain padahal login cuma ke 1hp,2020-12-28T07:42:23-07:00,bug login akun login trs update aplikasi habis ga login dapet notif kalo akun login perangkat login
6803347234,NajibInv,Error fp2799. Tolong perbaiki. Masa saya gak bsa ngisi saldo ke dana ke nomor tertentu. Konyol harus pake aplikasi bri mobile yg via sms bwt ngisi saldo baru bisa,2020-12-28T07:17:04-07:00,error baik gak bsa ngisi saldo dana nomor konyol pake aplikasi bri mobile yg sms bwt ngisi saldo
